work_year,experience_level,employment_type,job_title,salary,salary_currency,salary_in_usd,employee_residence,remote_ratio,company_location,company_size
2021e,MI,FT,Infrastructure Engineer,132000,USD,132000,US,100,US,L
2020,MI,FT,Ansible Automation Engineer,95000,USD,95000,US,50,US,S
2020,SE,FT,Principal DevOps Engineer,130000,USD,130000,US,100,US,S
2021e,SE,FT,DevOps Architect,90000,GBP,124760,AU,100,GB,M
2021e,MI,FT,Cloud Engineer,115000,USD,115000,US,100,US,L
2021e,MI,FT,Principal DevOps Engineer,145000,USD,145000,US,100,US,L
2021e,EN,FT,DevOps Engineer,288000,ZAR,19791,ZA,100,ZA,M
2021e,SE,FT,Cloud Architect,350,PLN,89,PL,100,PL,M
2021e,EN,FT,Devops Engineer,480000,SEK,52175,SE,50,SE,S
2021e,MI,FT,Cloud Security Engineer,110000,USD,110000,US,50,DE,L
2021e,EN,FT,Cloud DevOps Engineer,85000,USD,85000,US,50,US,L
2021e,MI,FT,DevOps Engineer,22800,USD,22800,MY,100,MY,S
2021e,EN,FT,Penetration Tester,42000,EUR,50305,LU,50,LU,S
2021e,SE,FT,Cloud Security Engineer,120000,CAD,96003,CA,50,UM,L
2021e,SE,FT,Chief Information Security Officer,90000,USD,90000,AR,50,AR,L
2021e,EN,PT,Penetration Tester,50000,EUR,59886,DE,100,DE,S
2021e,MI,FT,Penetration Tester,110000,CHF,120787,CH,100,CH,L
2021e,SE,FT,Penetration Tester,195000,USD,195000,US,100,US,L
2020,SE,FT,Network and Security Engineer,240000,USD,240000,CA,100,US,L
2021e,EN,FT,IT Security Analyst,62000,USD,62000,US,50,US,L
2021e,SE,FT,Cyber Security Specialist,41500,GBP,57528,GB,100,GB,L
2020,MI,FT,Cyber Security Analyst,93000,USD,93000,US,50,US,L
2020,SE,FT,Network and Security Engineer,90000,USD,90000,US,50,US,L
2021e,EX,FT,Information Security Manager,172500,USD,172500,US,100,US,M
2021e,MI,FT,Cyber Security Analyst,90000,USD,90000,US,100,US,L
2021e,SE,FT,Product Security Engineer,120000,USD,120000,US,100,US,L
2020,SE,FT,Information Security Manager,141000,USD,141000,US,100,US,L
2020,SE,FT,Application Security Engineer,130000,USD,130000,US,100,US,L
2021e,SE,FT,Cybersecurity Engineer,125000,USD,125000,US,100,US,L
2021e,EN,FT,Penetration Tester,78000,USD,78000,US,100,US,L
2021e,MI,FT,Incident Response Analyst,145000,USD,145000,US,100,US,L
2021e,MI,FT,Information Security Analyst,120000,USD,120000,US,100,US,L
2020,MI,FT,Information Security Manager,105000,USD,105000,US,100,US,L
2020,EN,FT,Network Security Engineer,65000,USD,65000,US,50,US,L
2021e,MI,FT,Information Security Analyst,100000,CAD,80003,CA,100,CA,L
2021e,EX,FT,Chief Information Security Officer,104000,USD,104000,US,100,US,L
2021e,MI,FT,Cyber Security Analyst,648000,ZAR,44530,ZA,100,ZA,L
2021e,EX,FT,Head of Security,187000,USD,187000,US,100,US,L
2021e,SE,FT,Information Security Manager,140000,CAD,112004,CA,50,CA,M
2021e,EN,FT,Information Security Officer,28800,EUR,34494,BE,50,BE,L
2021e,SE,FT,Information Security Manager,150000,USD,150000,US,100,US,M
2021e,MI,FT,Information Security Architect,72000,EUR,86237,DE,100,DE,L
2021e,MI,FT,Chief Information Security Officer,40000,USD,40000,NL,50,NL,L
2020,MI,FT,Cyber Security Analyst,120000,USD,120000,US,100,US,L
2020,EX,FT,Lead Security Engineer,180000,USD,180000,US,100,US,L
2021e,EX,FT,Information Security Officer,142000,USD,142000,US,50,US,L
2021e,EX,FT,Head of Security,200000,USD,200000,US,100,US,L
2021e,MI,FT,Cybersecurity Engineer,76500,USD,76500,US,100,US,L
2021e,MI,FT,SOC Analyst,120000,USD,120000,US,100,US,L
2021e,SE,FT,Information Security Specialist,85000,CAD,68002,CA,50,CA,L
2020,SE,FT,Lead Information Security Engineer,130000,USD,130000,US,100,US,L
2020,MI,FT,Lead Information Security Engineer,80000,USD,80000,US,50,US,L
2021e,EN,FT,Cybersecurity Engineer,75000,USD,75000,US,100,US,L
2020,MI,FT,Information Security Specialist,72000,USD,72000,US,100,US,L
2021e,MI,FT,Information Security Engineer,80000,USD,80000,US,100,US,M
2021e,SE,FT,Information Security Manager,100000,USD,100000,US,100,US,L
2020,SE,FT,Information Security Manager,55000,GBP,76242,GB,100,GB,S
2021e,MI,FT,Cyber Security Engineer,98000,USD,98000,US,100,US,L
2021e,SE,FT,Chief Information Security Officer,240000,USD,240000,US,100,US,S
2020,MI,FT,Security Engineer,192000,USD,192000,US,100,US,L
2021e,MI,FT,Information Security Engineer,119000,USD,119000,US,100,US,L
2021e,SE,FT,Product Security Engineer,150000,USD,150000,US,100,US,L
2021e,EN,FT,Security Analyst,100300,USD,100300,US,100,US,L
2021e,SE,FT,Security Engineer,150000,CAD,120004,CA,100,CA,M
2020,MI,FT,Information Security Analyst,40000,GBP,55449,GB,100,DK,L
2020,EN,FT,Cyber Security Analyst,80000,USD,80000,US,100,US,M
2020,SE,FT,Cybersecurity Engineer,272000,USD,272000,US,100,US,L
2021e,EN,FT,Security Analyst,60008,USD,60008,US,50,US,L
2020,EN,FT,Cyber Security Analyst,66000,USD,66000,US,50,US,L
2021e,SE,FT,Cyber Security Architect,141000,USD,141000,US,50,US,L
2021e,EN,FT,Data Engineer,1600000,INR,21741,IN,50,IN,M
2021e,SE,FT,Data Scientist,130000,CAD,104004,CA,100,CA,L
2021e,MI,FT,Data Analyst,80000,USD,80000,US,100,US,L
2021e,SE,FT,Data Scientist,165000,USD,165000,US,100,US,L
2021e,SE,FT,Big Data Architect,125000,CAD,100004,CA,50,CA,M
2020,EN,FT,Data Analyst,91000,USD,91000,US,100,US,L
2021e,MI,FT,Data Engineer,52500,GBP,72777,GB,50,GB,L
2021e,EN,FT,Data Scientist,31000,EUR,37129,FR,50,FR,L
2021e,SE,FT,Data Engineer,70000,GBP,97036,GB,50,GB,L
2021e,SE,FT,Principal Data Analyst,170000,USD,170000,US,100,US,M
2020,MI,FT,Data Engineer,61500,EUR,73660,FR,50,FR,L
2021e,EN,FT,Data Scientist,90000,USD,90000,US,100,US,S
2021e,SE,FT,Research Scientist,51400,EUR,61563,PT,50,PT,L
2021e,EN,FT,Data Scientist,2100000,INR,28535,IN,100,IN,M
2021e,MI,FT,Data Analyst,93000,USD,93000,US,100,US,L
2021e,SE,FT,Data Engineering Manager,174000,USD,174000,US,100,US,L
2021e,MI,FT,Data Engineer,200000,USD,200000,US,100,US,L
2020,MI,FT,Data Scientist,105000,USD,105000,US,100,US,L
2021e,SE,FT,Cloud Data Engineer,160000,USD,160000,BR,100,US,S
2020,SE,FT,Data Engineer,188000,USD,188000,US,100,US,L
2021e,MI,FT,Data Engineer,125,USD,125,US,50,US,L
2020,MI,FT,Cloud DevOps Engineer,150000,USD,150000,US,50,US,L
2021e,SE,FT,Staff Site Reliability Engineer,180000,CAD,144005,CA,100,GB,M
2021e,SE,FT,Lead DevOps Engineer,160000,AUD,121717,AU,100,AU,L
2021e,SE,FT,Cloud Operations Engineer,67000,GBP,92877,GB,50,GB,L
2021e,SE,FT,Site Reliability Engineer,125000,CAD,100004,CA,100,CA,M
2020,EX,PT,Director of Infrastructure,86000,EUR,103005,NL,50,NL,M
2020,MI,FT,DevOps Engineer,110729,USD,110729,US,100,US,M
2021e,SE,FT,Lead DevOps Engineer,125000,USD,125000,US,100,US,M
2021e,MI,FT,Cloud Engineer,32600,USD,32600,UY,100,US,S
2020,EN,FT,Cloud Operations Engineer,87000,USD,87000,US,100,US,L
2020,SE,FT,Site Reliability Engineer,78000,CAD,62402,CA,100,CA,L
2021e,MI,FT,DevOps Automation Engineer,120000,USD,120000,US,100,US,L
2021e,SE,FT,Azure Cloud Engineer,100000,CAD,80003,CA,100,US,L
2020,MI,FT,DevOps Engineer,160000,USD,160000,US,100,US,M
2020,MI,FT,DevOps Engineer,92000,USD,92000,US,50,US,M
2021e,MI,FT,Site Reliability Engineer,100000,CAD,80003,CA,100,CA,L
2020,MI,FT,Client Platform Engineer,2400000,INR,32612,IN,100,US,S
2020,EN,FT,DevOps Engineer,360000,IDR,24,IN,50,IN,S
2021e,SE,FT,Devops Engineer,58000,EUR,69468,BE,100,BE,M
2020,MI,FT,Devops Engineer,110000,USD,110000,US,100,US,L
2021e,MI,FT,Platform Engineer,100000,USD,100000,US,100,US,L
2021e,MI,FT,Site Reliability Engineer,141800,USD,141800,US,50,US,L
2021e,EN,FT,Platform Engineer,135000,USD,135000,US,100,US,L
2020,MI,FT,DevOps Engineer,135000,USD,135000,US,100,US,M
2021e,EN,FT,Devops Engineer,65000,CAD,52002,CA,100,CA,M
2021e,SE,FT,Principal DevOps Engineer,200000,USD,200000,US,100,DE,L
2021e,SE,FT,Principal DevOps Engineer,83000,GBP,115057,GB,50,GB,M
2021e,EN,FT,IT Infrastructure Engineer,44000,EUR,52700,DE,50,DE,S
2021e,MI,FT,DevOps Engineer,71500,SGD,53418,SG,50,SG,M
2021e,MI,FT,Cloud Architect,50000,EUR,59886,FR,50,FR,M
2021e,SE,FT,Cloud Engineer,110000,USD,110000,US,50,US,M
2020,MI,FT,Cloud Engineer,680000,NOK,72308,NO,100,NO,L
2020,MI,FT,Infrastructure Engineer,82000,GBP,113671,GB,100,GB,M
2021e,EN,FT,DevOps Engineer,55000,GBP,76242,GB,100,GB,S
2021e,EN,FT,DevOps Engineer,70000,CAD,56002,CA,100,CA,L
2020,SE,FT,Platform Engineer,135000,USD,135000,US,100,US,L
2021e,SE,FT,DevOps Architect,150000,USD,150000,US,50,US,L
2021e,MI,FT,DevOps Engineer,65000,GBP,90105,GB,50,GB,L
2020,MI,FT,Cloud DevOps Engineer,85000,GBP,117829,MX,100,GB,S
2020,EN,FT,DevOps Engineer,55000,EUR,65875,DE,50,DE,S
2021e,EN,FT,DevOps Engineer,40000,EUR,47909,NL,100,NL,L
2021e,MI,FT,Cloud DevOps Engineer,135000,USD,135000,US,50,US,S
2021e,EN,FT,Cloud DevOps Engineer,78000,USD,78000,US,100,US,M
2021e,SE,FT,Cloud Architect,73000,EUR,87434,AT,50,AT,L
2021e,EX,FT,Manager of DevOps & Engineering Infrastructure,308781,USD,308781,US,100,US,L
2021e,MI,FT,Site Reliability Engineer,126500,USD,126500,US,100,US,L
2021e,EX,FT,Director of Infrastructure,300000,USD,300000,US,50,US,L
2021e,MI,FT,DevOps Engineer,165000,USD,165000,US,100,US,S
2020,SE,FT,Cyber Security Analyst,98000,USD,98000,US,100,US,L
2021e,EN,PT,Penetration Testing Engineer,330000,TWD,11790,TW,50,TW,S
2021e,MI,FT,SOC Analyst,12800,USD,12800,EG,100,EG,M
2021e,MI,FT,Penetration Tester,95000,CAD,76003,CA,100,CA,L
2020,EN,FT,Research Scientist,42000,USD,42000,NL,50,NL,L
2021e,MI,FT,Software Engineer,62000,EUR,74259,DE,100,US,S
2020,SE,FT,DevSecOps Engineer,140000,USD,140000,US,100,US,L
2021e,SE,FT,DevOps Infrastructure Engineer,48500,EUR,58090,ES,100,ES,L
2021e,SE,FT,Cloud DevOps Engineer,150000,USD,150000,US,100,US,L
2020,EX,FT,Site Reliability Engineering Manager,130000,USD,130000,US,100,US,S
2021e,MI,FT,Cloud Engineer,37000,EUR,44316,NL,50,NL,L
2021e,SE,FT,Cloud Infrastructure Architect,3100000,INR,42124,IN,50,US,M
2021e,SE,FT,Azure DevOps Engineer,120000,ZAR,8246,ZA,100,GB,M
2021e,SE,FT,DevOps Manager,95000,CAD,76003,CA,100,CA,M
2021e,MI,FT,Platform Engineer,167000,USD,167000,US,50,US,L
2020,SE,FT,Automation Engineer,127000,USD,127000,US,100,US,L
2021e,SE,FT,Principal Cloud Architect,110000,EUR,131751,DE,50,DE,M
2021e,MI,FT,DevOps Manager,100000,USD,100000,US,100,US,L
2021e,SE,FT,Director of Infrastructure,250000,CAD,200008,CA,100,CA,M
2021e,SE,FT,Site Reliability Engineer,1400000,INR,19023,IN,100,IN,L
2020,SE,FT,Site Reliability Engineering Manager,143000,USD,143000,US,100,US,M
2020,MI,FT,Devops Engineer,105000,CHF,115297,CH,50,CH,L
2021e,MI,FT,Staff Platform Engineer,54000,USD,54000,MX,100,US,L
2020,SE,FT,Platform Engineering Manager,189750,USD,189750,US,100,US,M
2021e,EX,FT,Platform Engineering Manager,130000,GBP,180210,GB,50,GB,M
2021e,SE,FT,Infrastructure Engineer,130000,USD,130000,US,100,US,L
2021e,MI,FT,DevSecOps Engineer,75000,CAD,60002,CA,50,CA,S
2021e,MI,FT,Cloud Engineer,60000,EUR,71864,DE,100,DE,L
2021e,SE,CT,Cloud Architect,195000,USD,195000,US,100,US,M
2020,SE,FT,Cloud Infrastructure Engineer,165000,USD,165000,US,100,US,L
2020,MI,FT,DevOps Engineer,43600,GBP,60439,GB,100,GB,L
2021e,SE,FT,Site Reliability Engineer,156000,USD,156000,US,100,US,L
2021e,SE,FT,DevOps Manager,167000,USD,167000,US,100,US,L
2020,MI,FT,DevOps Engineer,33000,EUR,39525,ES,100,NL,L
2021e,SE,FT,DevOps Engineer,600000,DKK,91793,DK,50,DK,M
2021e,SE,FT,Cloud Operations Engineer,180000,CAD,144005,CA,100,US,L
2021e,MI,FT,DevOps Engineer,13000,EUR,15570,BA,50,BA,L
2021e,SE,FT,Lead Platform Engineer,75000,GBP,103967,GB,100,GB,L
2021e,SE,FT,Cloud DevOps Systems Engineer,93000,EUR,111389,DE,100,DE,L
2021e,SE,FT,Cloud DevOps Engineer,1200000,MXN,55853,MX,100,US,M
2021e,EN,FT,DevOps Engineer,480000,SEK,52175,SE,100,SE,L
2021e,MI,FT,DevOps Team Lead,150000,USD,150000,US,100,US,M
2021e,SE,FT,Cloud Infrastructure Architect,202000,USD,202000,US,50,US,M
2021e,MI,FT,Azure Cloud Engineer,100000,USD,100000,US,100,US,L
2021e,SE,FT,DevOps Engineer,54000,EUR,64677,EE,100,EE,M
2021e,MI,FT,Site Reliability Engineer,138000,CAD,110404,CA,100,CA,L
2020,SE,FT,DevOps Engineer,65000,EUR,77852,DE,100,DE,L
2021e,SE,FT,DevOps Engineer,205000,USD,205000,US,100,US,L
2020,MI,FT,Cloud DevOps Engineer,225000,CAD,180007,CA,100,CA,M
2021e,SE,FT,DevSecOps Engineer,582000,SEK,63262,SE,100,SE,L
2020,MI,FT,DevOps Engineer,125000,USD,125000,US,50,US,S
2021e,MI,FT,Cloud Engineer,53000,EUR,63480,PT,100,PT,L
2021e,MI,FT,DevOps Engineer,130000,USD,130000,US,100,US,M
2021e,MI,FT,DevOps Consultant,2320,EUR,2778,AL,50,DE,L
2021e,SE,FT,DevOps Team Lead,170000,USD,170000,US,100,US,L
2021e,SE,FT,Platform Engineer,190000,USD,190000,US,100,US,L
2021e,MI,FT,Cloud Infrastructure Engineer,145000,CAD,116004,CA,100,US,L
2021e,SE,FT,DevOps Engineer,80000,EUR,95819,DE,50,DE,L
2021e,SE,FT,DevOps Architect,69000,EUR,82643,SE,100,DE,L
2021e,SE,FT,Manager of DevOps & Engineering Infrastructure,50500,GBP,70004,GB,100,GB,L
2021e,SE,FT,Cloud DevOps Engineer,160000,USD,160000,US,100,US,L
2021e,MI,FT,Cloud DevOps Engineer,138000,USD,138000,US,100,US,L
2021e,MI,FT,Site Reliability Engineer,45000,GBP,62380,GB,100,GB,L
2021e,SE,FT,Software QA Automation Engineer,108000,CAD,86403,CA,100,CA,L
2020,SE,FT,DevOps Engineer,115000,USD,115000,US,100,US,M
2021e,MI,FT,DevOps Engineer,120000,AUD,91288,AU,100,AU,M
2020,MI,FT,DevOps Engineer,42000,EUR,50305,NL,50,NL,L
2021e,EX,FT,Director of Infrastructure,225000,USD,225000,US,100,US,L
2020,EN,FT,Cloud DevOps Engineer,60000,EUR,71864,IE,100,IE,M
2021e,MI,FT,DevOps Engineer,121000,USD,121000,US,100,US,L
2021e,SE,FT,DevOps Engineer,80000,GBP,110898,GB,100,GB,L
2020,SE,FT,Lead DevOps Engineer,135000,AUD,102699,AU,100,AU,L
2020,MI,FT,DevOps Developer,71500,USD,71500,US,50,US,L
2021e,SE,FT,Manager of DevOps & Engineering Infrastructure,60000,EUR,71864,ES,100,ES,M
2021e,SE,FT,Cloud Engineer,140000,USD,140000,US,100,US,L
2021e,SE,FT,Azure DevOps Engineer,70000,EUR,83841,DE,100,DE,L
2021e,MI,FT,DevOps Engineer,107000,CAD,85603,CA,100,CA,L
2021e,SE,FT,DevOps Engineer,70000,EUR,83841,LT,50,DE,M
2021e,SE,FT,Site Reliability Engineer,160000,CAD,128005,CA,100,US,L
2021e,SE,FT,DevOps Engineer,115000,AUD,87484,AU,50,AU,M
2021e,SE,FT,DevOps Engineer,36000,USD,36000,TR,50,TR,M
2021e,SE,FT,DevOps Engineer,80000,EUR,95819,PT,100,NL,L
2021e,MI,FT,DevOps Team Lead,87500,USD,87500,US,100,US,L
2021e,EN,FT,Cloud DevOps Engineer,28500,GBP,39507,GB,100,GB,S
2021e,MI,FT,Cloud Infrastructure Engineer,68208,EUR,81695,BE,100,BE,M
2020,SE,FT,Staff DevOps Engineer,168000,USD,168000,US,50,US,L
2021e,EN,FT,Cloud DevOps Engineer,95000,AUD,72269,AU,100,AU,L
2021e,MI,FT,Cloud Engineer,100000,USD,100000,US,50,US,L
2020,EN,FT,DevOps Engineer,85000,AUD,64662,AU,100,AU,L
2021e,SE,FT,Devops Engineer,200000,USD,200000,US,100,US,L
2021e,MI,FT,Cloud Engineer,65000,GBP,90105,GB,100,GB,M
2020,MI,FT,Cloud DevOps Systems Engineer,60000,USD,60000,BR,100,US,S
2021e,SE,FT,DevOps Engineer,56500,GBP,78322,GB,100,GB,L
2020,SE,FT,QA Automation Engineer,148000,USD,148000,US,50,US,M
2020,SE,FT,Site Reliability Engineer,100000,USD,100000,US,100,US,L
2020,MI,FT,Azure DevOps Engineer,80000,NZD,56952,NZ,50,NZ,L
2021e,MI,FT,DevOps Engineer,55000,GBP,76242,GB,100,GB,L
2020,SE,FT,IT DevOps Engineer,140000,USD,140000,US,100,US,L
2021e,SE,FT,DevOps Engineer,105000,USD,105000,US,50,US,S
2021e,EN,FT,Infrastructure Python Developer,74000,USD,74000,US,100,US,L
2020,SE,FT,Infrastructure Engineer,90000,USD,90000,CA,100,US,S
2021e,MI,FT,Site Reliability Engineer,135000,USD,135000,US,100,US,L
2021e,SE,FT,Principal Site Reliability Engineer,175000,GBP,242590,GB,100,US,L
2021e,MI,FT,DevOps Engineer,120000,USD,120000,US,100,US,M
2021e,EN,FT,Platform Engineer,126000,USD,126000,US,100,US,L
2020,SE,FT,Principal Cloud Architect,153000,USD,153000,US,100,US,L
2021e,MI,FT,Site Reliability Engineer,96000,USD,96000,CR,100,US,M
2021e,MI,FT,DevOps Engineer,37000,EUR,44316,PT,50,PT,L
2021e,EN,FT,DevOps Engineer,78000,USD,78000,US,100,US,L
2020,SE,FT,DevOps Engineer,175000,USD,175000,US,100,US,S
2021e,EX,FT,DevOps Consultant,181000,USD,181000,US,50,US,L
2021e,EN,FT,DevOps Engineer,70000,USD,70000,US,100,US,L
2020,SE,FT,Cloud Infrastructure Engineer,170000,USD,170000,US,100,US,S
2021e,MI,FT,Data Platform Engineer,120000,NZD,85429,NZ,100,NZ,L
2021e,SE,FT,Lead Platform Engineer,162000,USD,162000,US,100,US,L
2021e,SE,FT,Product Designer,168000,BRL,31508,BR,100,BR,M
2020,MI,FT,DevOps Engineer,60000,GBP,83173,GB,50,GB,M
2021e,MI,CT,DevOps Engineer,140000,EUR,167683,ES,100,US,M
2021e,EN,FT,DevOps Engineer,54000,EUR,64677,DE,100,DE,L
2020,EN,FT,IT Infrastructure Engineer,32000,EUR,38327,FR,100,FR,S
2021e,EN,FT,DevOps Engineer,52000,EUR,62282,DE,50,DE,S
2020,SE,FT,Cloud Engineer,700000,NOK,74435,NO,100,NO,S
2021e,SE,CT,DevOps Engineer,250000,PLN,64181,PL,100,PL,L
2021e,MI,FT,Lead Platform Engineer,80000,NZD,56952,NZ,50,NZ,L
2021e,SE,FT,Site Reliability Engineer,115000,GBP,159416,GB,50,GB,L
2021e,EX,FT,Manager of DevOps & Engineering Infrastructure,157000,AUD,119435,AU,50,AU,M
2020,EX,FT,Manager of DevOps & Engineering Infrastructure,225000,AUD,171165,AU,50,AU,L
2020,SE,FT,Site Reliability Engineer,58000,GBP,80401,GB,100,GB,L
2020,EN,FT,Network Deployment Engineer,44000,EUR,52700,DE,100,DE,M
2021e,MI,FT,DevOps Engineer,42000,GBP,58221,GB,100,GB,M
2021e,MI,FT,Infrastructure Engineer,38016,GBP,52698,GB,100,GB,L
2020,MI,FT,DevOps Engineer,54000,EUR,64677,FR,50,FR,L
2021e,MI,FT,Lead DevOps Engineer,42600,EUR,51023,NL,50,NL,M
2021e,SE,FT,DevOps Engineer,125000,EUR,149717,IE,100,IE,L
2021e,EN,FT,DevOps Engineer,22800,EUR,27308,RO,100,RO,L
2020,MI,FT,DevOps Engineer,55000,EUR,65875,FR,100,FR,M
2021e,SE,FT,Cloud Architect,140000,USD,140000,US,100,US,L
2020,SE,FT,DevSecOps Engineer,175000,AUD,133128,AU,100,AU,L
2020,SE,FT,DevOps Engineer,120000,CHF,131768,CH,50,CH,S
2021e,EX,FT,DevOps Manager,82000,GBP,113671,GB,50,GB,L
2021e,SE,FT,Site Reliability Engineer,51000,USD,51000,PL,100,PL,S
2021e,MI,FT,DevOps Engineer,1300000,INR,17665,IN,100,IN,L
2021e,SE,FT,Cloud DevOps Systems Engineer,70000,EUR,83841,DE,50,DE,L
2021e,SE,CT,DevOps Consultant,260000,PLN,66748,PL,50,PL,L
2021e,MI,FT,DevOps Engineer,55680,EUR,66690,BE,50,BE,L
2021e,SE,FT,DevOps Engineer,150000,USD,150000,US,100,US,L
2021e,SE,FT,Cloud DevOps Engineer,40000,USD,40000,SK,100,SK,L
2021e,SE,FT,Devops Engineer,189750,USD,189750,US,100,US,L
2021e,MI,FT,DevOps Engineer,49896,EUR,59762,NL,100,NL,S
2021e,MI,FT,Cloud DevOps Engineer,17501,EUR,20961,BA,50,BA,M
2021e,MI,FT,DevOps Engineer,135000,USD,135000,US,100,US,L
2020,MI,FT,Site Reliability Engineer,52000,EUR,62282,ES,100,ES,L
2021e,MI,FT,Cloud Operations Engineer,66000,EUR,79050,NL,100,NL,L
2020,SE,FT,Lead DevOps Engineer,124000,AUD,94331,AU,100,AU,M
2020,SE,FT,Cloud Architect,84000,EUR,100610,NL,50,NL,S
2020,SE,FT,DevOps Engineer,1356000,PHP,27334,PH,100,AU,L
2021e,SE,FT,Automation Engineer,750000,NOK,79752,NO,50,NO,L
2021e,SE,FT,DevSecOps Engineer,14400000,HUF,48364,HU,100,HU,L
2021e,MI,FT,Infrastructure Engineer,55000,GBP,76242,GB,50,GB,S
2020,EN,PT,DevOps Engineer,240000,INR,3261,IN,100,IN,S
2021e,MI,FT,Infrastructure Engineer,72000,USD,72000,US,100,US,L
2021e,EN,FT,DevOps Engineer,500000,INR,6794,IN,100,SG,L
2021e,MI,CT,Data Infrastructure Engineer,214000,USD,214000,US,100,US,L
2021e,SE,FT,Cloud Platform Engineer,135000,USD,135000,US,100,US,L
2021e,EN,FT,Site Reliability Engineer,115000,USD,115000,US,100,US,M
2020,MI,FT,DevOps Engineer,50000,EUR,59886,ES,100,ES,M
2021e,SE,FT,Azure Cloud Engineer,152500,USD,152500,US,50,US,L
2020,EN,FT,DevOps Engineer,58000,EUR,69468,DE,50,DE,L
2021e,MI,FT,Cloud Operations Engineer,43200,EUR,51742,RO,100,FR,L
2021e,MI,FT,DevOps Engineer,80000,USD,80000,US,50,US,L
2021e,SE,FT,Lead DevOps Engineer,134000,USD,134000,US,100,US,L
2021e,MI,FT,Azure Cloud Engineer,130000,CAD,104004,CA,100,CA,L
2021e,EN,FT,Platform Engineer,58750,GBP,81441,GB,100,GB,L
2021e,SE,FT,DevOps Engineer,55000,EUR,65875,NL,100,NL,L
2020,MI,FT,Database Reliability Engineer,85500,CAD,68402,CA,50,CA,L
2021e,EX,FT,Cloud Architect,260000,USD,260000,US,100,US,L
2020,SE,FT,Manager of DevOps & Engineering Infrastructure,110000,USD,110000,US,50,US,L
2021e,SE,FT,DevOps Engineer,133000,AUD,101177,AU,50,AU,M
2021e,SE,FT,Cloud Security Engineer,150000,USD,150000,US,100,US,L
2021e,SE,FT,Site Reliability Engineer,123000,USD,123000,US,100,US,L
2021e,MI,FT,Devops Engineer,2100,EUR,2515,RO,100,RO,L
2020,SE,FT,Infrastructure Architect,110000,EUR,131751,FR,50,FR,L
2021e,SE,FT,Lead DevOps Engineer,74400,EUR,89111,FI,100,FI,L
2021e,SE,FT,Principal DevOps Engineer,195000,USD,195000,US,100,US,M
2020,EN,FT,Linux Infrastructure Developer,710000,CAD,568022,CA,50,CA,L
2020,MI,FT,DevOps Engineer,110000,USD,110000,US,50,US,M
2021e,MI,FT,Cloud Engineer,150000,USD,150000,US,100,US,L
2020,SE,FT,Platform Engineer,148000,USD,148000,US,100,US,L
2020,SE,FT,Site Reliability Engineer,175000,USD,175000,US,100,US,L
2021e,SE,FT,Staff DevOps Engineer,180000,USD,180000,US,100,US,L
2021e,MI,FT,Site Reliability Engineer,68450,GBP,94887,GB,100,GB,L
2021e,SE,FT,Azure DevOps Engineer,160000,USD,160000,US,100,US,M
2021e,MI,FT,Devops Engineer,131000,USD,131000,US,50,US,L
2020,MI,FT,DevOps Engineer,34000,ILS,10433,IL,50,IL,M
2021e,SE,FT,DevOps Engineer,78000,GBP,108126,GB,100,GB,L
2021e,SE,FT,Cloud Architect,238000,USD,238000,US,100,US,M
2020,EN,FT,Cloud DevOps Engineer,55000,EUR,65875,DE,50,DE,M
2021e,MI,FT,Infrastructure Automation Engineer,80000,EUR,95819,AT,100,AT,S
2021e,SE,FT,Platform Engineer,200000,CAD,160006,CA,100,CA,M
2021e,EN,FT,DevOps Developer,650000,NOK,69118,NO,50,NO,M
2020,EX,FT,Director of Infrastructure,186000,USD,186000,US,50,US,S
2021e,EN,FT,DevOps Engineer,56000,GBP,77628,GB,50,GB,S
2020,SE,FT,DevOps Engineer,60000,EUR,71864,FR,50,FR,L
2020,SE,FT,Cloud Engineer,145000,USD,145000,US,50,US,L
2021e,SE,FT,Site Reliability Engineer,80000,EUR,95819,DE,100,DE,L
2021e,MI,FT,Site Reliability Engineer,75000,GBP,103967,GB,100,GB,L
2020,MI,FT,Infrastructure Architect,118000,USD,118000,US,100,US,L
2021e,SE,FT,Cloud Operations Engineer,140000,USD,140000,US,100,US,L
2021e,EN,FT,Cloud Platform Engineer,40000,GBP,55449,GB,100,GB,L
2021e,EN,FT,DevOps Engineer,92000,USD,92000,US,100,US,L
2021e,SE,FT,Cloud Infrastructure Engineer,145000,USD,145000,US,100,US,L
2021e,MI,FT,DevOps Engineer,133000,USD,133000,US,100,US,M
2021e,SE,FT,DevOps Architect,180000,USD,180000,US,100,US,L
2021e,SE,FT,DevOps Engineer,180000,CAD,144005,CA,100,US,M
2021e,SE,FT,Lead DevOps Engineer,260000,USD,260000,US,100,US,L
2020,MI,FT,Azure Cloud Engineer,150000,USD,150000,US,100,US,L
2021e,MI,FT,DevOps Engineer,155000,USD,155000,US,100,US,L
2021e,SE,FT,DevOps Manager,100000,USD,100000,US,100,US,L
2021e,SE,FT,Staff DevOps Engineer,210000,USD,210000,US,100,US,L
2020,SE,FT,DevOps Engineer,140000,CAD,112004,CA,100,CA,L
2021e,MI,FT,DevOps Engineer,19200,EUR,22996,RS,100,CH,L
2020,MI,FT,DevOps Architect,160000,USD,160000,US,100,US,M
2021e,MI,FT,Cloud Engineer,72000,GBP,99808,GB,100,GB,S
2020,EN,FT,Cloud DevOps Engineer,80000,USD,80000,US,100,US,L
2021e,MI,FT,Cloud Infrastructure Architect,190000,USD,190000,US,100,US,M
2021e,SE,CT,Principal Cloud Architect,54000,USD,54000,MX,100,US,S
2020,EN,FT,Infrastructure Specialist,4800000,HUF,16121,HU,50,HU,L
2021e,EN,FT,Site Reliability Engineer,88600,USD,88600,US,100,US,M
2021e,MI,FT,Platform Engineer,110000,NZD,78310,NZ,100,NZ,L
2020,MI,FT,Site Reliability Engineer,75000,CAD,60002,CA,100,CA,L
2021e,EN,FT,Cloud Engineer,62000,USD,62000,US,100,US,M
2021e,MI,FT,DevOps Engineer,121000,USD,121000,US,50,US,L
2021e,EX,FT,DevOps Manager,140000,USD,140000,AU,100,US,M
2020,MI,FT,DevOps Engineer,75000,USD,75000,US,100,US,L
2021e,SE,FT,DevOps Engineer,200000,USD,200000,US,100,US,S
2021e,MI,FT,DevOps Consultant,52000,EUR,62282,FI,50,FI,L
2021e,SE,FT,DevOps Engineer,185000,USD,185000,US,100,US,M
2021e,SE,FT,Cloud Engineer,145000,USD,145000,US,100,US,L
2021e,MI,FT,Devops Engineer,224000,USD,224000,US,50,US,L
2020,MI,FT,DevOps Engineer,103000,USD,103000,US,50,US,L
2021e,MI,FT,DevOps Engineer,100500,USD,100500,US,100,US,L
2020,SE,FT,Principal DevOps Engineer,103000,USD,103000,US,100,US,L
2021e,SE,FT,Cloud Infrastructure Engineer,185000,USD,185000,US,100,US,M
2021e,MI,FT,DevOps Architect,145000,USD,145000,US,100,US,M
2021e,SE,FT,Cloud Architect,145000,USD,145000,US,100,US,L
2021e,MI,FT,DevOps Engineer,47000,GBP,65152,GB,50,GB,L
2021e,MI,FT,DevOps Engineer,105000,USD,105000,US,100,US,L
2020,MI,FT,DevOps Engineer,45000,USD,45000,CZ,50,CZ,M
2021e,SE,FT,Platform Engineer,300000,CAD,240009,CA,100,CA,L
2021e,MI,FT,Site Reliability Engineer,132000,USD,132000,US,100,US,L
2021e,MI,FT,DevOps Engineer,100000,CAD,80003,CA,100,CA,M
2021e,SE,FT,DevOps Engineer,150000,AUD,114110,AU,50,AU,L
2021e,SE,FT,Lead DevOps Engineer,222000,USD,222000,US,100,US,M
2021e,MI,FT,DevOps Consultant,205000,USD,205000,US,100,US,L
2021e,SE,CT,DevOps Engineer,288000,PLN,73937,PL,100,PL,L
2021e,SE,FT,Cloud Infrastructure Engineer,205000,USD,205000,US,100,US,L
2021e,EN,FT,DevOps Engineer,33000,EUR,39525,FR,50,FR,L
2021e,MI,FT,DevOps Engineer,90000,CAD,72002,CA,100,CA,M
2021e,SE,FT,Director of Infrastructure,116000,USD,116000,US,100,US,S
2021e,MI,FT,Infrastructure Engineer,90000,USD,90000,US,100,US,L
2021e,SE,FT,Platform Engineer,90000,EUR,107796,ES,100,BE,M
2021e,SE,CT,Cloud DevOps Engineer,180000,EUR,215592,PT,100,DE,L
2021e,MI,FT,Cloud DevOps Engineer,42000,USD,42000,GT,100,SV,L
2020,SE,FT,Site Reliability Engineer,165000,USD,165000,US,100,US,M
2021e,SE,CT,Cloud DevOps Engineer,170000,USD,170000,US,100,US,L
2021e,MI,FT,Infrastructure Engineer,250000,USD,250000,US,100,US,M
2021e,EN,FT,DevOps Engineer,150000,USD,150000,US,100,US,M
2020,MI,FT,DevOps Team Lead,45000,GBP,62380,GB,100,GB,S
2021e,EX,FT,Site Reliability Engineering Manager,170000,USD,170000,US,100,US,M
2021e,MI,CT,DevOps Engineer,185000,PLN,47494,PL,100,PL,L
2021e,MI,FT,DevOps Engineer,15000000,USD,15000000,US,100,US,M
2021e,MI,FT,DevOps Engineer,60000,GBP,83173,GB,100,GB,S
2021e,MI,FT,Cloud Engineer,151000,USD,151000,US,50,US,L
2021e,SE,FT,Site Reliability Engineer,178000,USD,178000,US,100,US,M
2021e,SE,FT,Site Reliability Engineer,95000,EUR,113785,IE,100,IE,M
2021e,EX,FT,DevOps Manager,150000,USD,150000,US,100,US,L
2021e,EN,FT,Cloud Engineer,80000,USD,80000,US,100,US,L
2021e,EN,CT,Azure DevOps Engineer,50000,USD,50000,US,100,US,L
2020,SE,FT,DevOps Engineer,135000,CAD,108004,CA,100,CA,S
2020,SE,FT,Principal Site Reliability Engineer,95000,USD,95000,US,100,US,M
2021e,SE,FT,Infrastructure Engineer,67000,EUR,80248,ES,100,GB,M
2020,MI,FT,Site Reliability Engineer,180000,USD,180000,US,50,US,L
2021e,MI,FT,Platform Engineer,47500,GBP,65846,GB,100,GB,L
2021e,SE,FT,DevOps Engineer,155000,USD,155000,US,100,US,L
2021e,SE,FT,Site Reliability Engineer,203000,USD,203000,US,100,US,L
2020,SE,FT,Devops Engineer,95000,CAD,76003,CA,50,CA,S
2021e,SE,FT,Devops Engineer,41000,USD,41000,BG,100,AT,L
2021e,SE,FT,Cloud Infrastructure Engineer,146000,USD,146000,US,100,US,M
2021e,MI,FT,DevOps Consultant,100000,USD,100000,US,100,US,M
2021e,EN,FT,Devops Engineer,42000,GBP,58221,GB,50,GB,S
2021e,EN,FT,DevOps Engineer,126500,USD,126500,US,100,US,L
2021e,SE,FT,Infrastructure Engineer,124630,USD,124630,US,100,AU,L
2021e,MI,FT,Devops Engineer,100000,USD,100000,US,100,US,M
2021e,SE,FT,Infrastructure Engineer,210000,USD,210000,US,100,US,L
2021e,MI,FT,Security Automation Engineer,96000,CAD,76803,CA,100,CA,S
2020,MI,FT,Site Reliability Engineer,98000,USD,98000,US,100,US,M
2021e,SE,FT,Lead DevOps Engineer,1320000,NOK,140364,NO,50,NO,M
2020,MI,FT,Network Deployment Engineer,130000,USD,130000,US,100,US,L
2021e,EN,FT,Cloud Infrastructure Engineer,95000,USD,95000,US,100,US,M
2021e,EN,FT,DevOps Engineer,41000,GBP,56835,GB,100,GB,L
2021e,SE,FT,Devops Engineer,175000,USD,175000,US,100,US,S
2020,SE,FT,Site Reliability Engineer,128000,USD,128000,US,100,US,L
2020,SE,FT,Cloud Architect,175000,USD,175000,US,100,US,L
2021e,SE,FT,Staff DevOps Engineer,195000,USD,195000,US,100,US,M
2020,EN,FT,Site Reliability Engineer,26000,GBP,36042,GB,100,GB,L
2020,MI,FT,DevOps Engineer,52000,EUR,62282,AT,50,AT,L
2021e,SE,FT,Devops Engineer,150000,USD,150000,US,100,US,L
2021e,SE,FT,Site Reliability Engineer,135000,USD,135000,US,50,US,M
2021e,EN,FT,Infrastructure Engineer,50000,GBP,69311,GB,100,US,L
2021e,EN,FT,Site Reliability Engineer,74000,USD,74000,US,100,US,L
2020,SE,FT,Principal DevOps Engineer,145000,USD,145000,US,100,US,L
2021e,SE,FT,Cloud Infrastructure Engineer,435000,USD,435000,US,50,US,L
2020,SE,FT,Site Reliability Engineer,120000,USD,120000,US,100,US,L
2021e,SE,FT,DevOps Team Lead,145000,USD,145000,US,100,US,M
2021e,MI,FT,DevOps Engineer,60000,EUR,71864,FR,100,FR,S
2021e,SE,FT,DevOps Infrastructure Engineer,185000,USD,185000,US,100,US,M
2021e,EX,FT,DevOps Architect,220000,USD,220000,US,100,US,L
2021e,SE,FT,Site Reliability Engineering Manager,180000,CAD,144005,CA,100,CA,L
2021e,SE,FT,DevOps Engineer,144000,USD,144000,US,100,US,L
2020,MI,FT,DevOps Engineer,160000,CAD,128005,CA,100,US,L
2020,EN,FT,DevOps Engineer,88000,USD,88000,US,100,US,L
2021e,EN,FT,Cloud Infrastructure Engineer,105000,USD,105000,US,100,US,M
2021e,EN,FT,Site Reliability Engineer,110000,USD,110000,US,100,US,L
2020,MI,FT,DevOps Engineer,76000,USD,76000,US,100,US,L
2021e,SE,FT,Principal DevOps Engineer,170000,USD,170000,US,100,US,L
2020,SE,FT,DevOps Consultant,85000,GBP,117829,GB,100,GB,M
2021e,SE,FT,Site Reliability Engineer,177000,USD,177000,US,100,US,L
2021e,SE,FT,Lead DevOps Engineer,105000,USD,105000,US,100,US,L
2021e,SE,FT,Site Reliability Engineer,200000,USD,200000,US,100,US,M
2021e,MI,FT,Site Reliability Engineer,51520,USD,51520,MY,100,MY,L
2021e,SE,FT,DevOps Engineer,165000,USD,165000,US,100,US,M
2021e,SE,FT,DevOps Engineer,68000,EUR,81446,AT,50,AT,L
2020,SE,FT,DevOps Engineer,150000,USD,150000,US,100,US,L
2021e,SE,FT,Site Reliability Engineer,115000,USD,115000,US,100,US,M
2021e,EN,FT,Site Reliability Engineer,105000,USD,105000,US,50,US,L
2021e,EN,FT,DevOps Engineer,50000,USD,50000,US,100,US,M
2020,MI,FT,Site Reliability Engineer,40000,GBP,55449,GB,100,GB,M
2020,EN,FT,Platform Engineer,50000,GBP,69311,GB,50,GB,L
2020,MI,FT,DevOps Developer,56000,EUR,67073,AT,100,AT,S
2021e,MI,FT,Cloud DevOps Engineer,110000,USD,110000,US,100,US,S
2021e,SE,FT,Principal DevOps Engineer,173000,USD,173000,US,50,US,L
2021e,SE,FT,Staff Platform Engineer,191000,USD,191000,US,100,US,M
2021e,EN,FT,DevOps Engineer,113000,USD,113000,US,100,US,M
2020,EX,FT,IT DevOps Engineer,125000,USD,125000,US,100,US,S
2020,EN,FT,DevOps Engineer,80000,USD,80000,US,100,US,L
2020,EN,FT,DevOps Engineer,90000,USD,90000,US,100,US,M
2021e,MI,FT,DevOps Engineer,171000,USD,171000,US,100,US,M
2021e,MI,FT,Devops Engineer,115000,USD,115000,US,100,US,L
2021e,MI,FT,Site Reliability Engineer,100000,CHF,109807,CH,50,CH,L
2021e,EN,FT,Automation Engineer,72000,USD,72000,US,100,US,L
2020,MI,FT,Site Reliability Engineer,46000,EUR,55095,FR,100,FR,L
2020,SE,FT,Devops Engineer,41000,GBP,56835,GB,100,GB,L
2021e,SE,FT,Site Reliability Engineer,147000,USD,147000,US,50,US,S
2021e,SE,FT,Infrastructure Engineer,200000,USD,200000,US,100,US,M
2021e,SE,FT,DevOps Manager,120000,USD,120000,US,100,US,L
2021e,MI,FT,Site Reliability Engineer,160000,USD,160000,US,50,US,M
2021e,MI,FT,Site Reliability Engineer,147000,CAD,117604,CA,100,FI,M
2020,SE,FT,DevOps Engineer,61800,EUR,74020,FI,100,FI,L
2021e,MI,FT,DevOps Engineer,82000,CAD,65602,CA,100,CA,M
2020,EN,FT,DevOps Automation Engineer,80000,CAD,64002,CA,100,CA,L
2021e,SE,FT,Site Reliability Engineer,150000,USD,150000,US,100,US,S
2020,SE,FT,Cloud Engineer,165000,USD,165000,US,100,CH,L
2020,MI,FT,DevOps Engineer,130000,USD,130000,US,100,US,S
2021e,MI,CT,DevOps Engineer,150000,USD,150000,US,100,US,L
2021e,SE,FT,Cloud DevOps Systems Engineer,110000,EUR,131751,IE,100,IE,M
2021e,SE,FT,Site Reliability Engineer,155000,USD,155000,US,100,US,M
2021e,MI,FT,Cloud Architect,140000,USD,140000,US,100,US,L
2021e,SE,FT,DevOps Infrastructure Engineer,163000,USD,163000,US,100,US,M
2021e,EN,FT,DevOps Engineer,50000,EUR,59886,DE,100,DE,M
2021e,SE,FT,Platform Engineer,87000,GBP,120602,GB,100,GB,S
2021e,SE,FT,DevOps Architect,160000,USD,160000,US,100,US,M
2021e,MI,FT,DevOps Consultant,119000,USD,119000,US,100,US,M
2021e,SE,FT,Principal Site Reliability Engineer,140000,CAD,112004,CA,100,CA,L
2021e,MI,FT,Cloud DevOps Engineer,125000,CAD,100004,CA,50,CA,L
2020,SE,FT,Site Reliability Engineer,136000,USD,136000,US,50,US,L
2021e,EN,FT,Site Reliability Engineer,37000,EUR,44316,FR,100,FR,M
2021e,MI,FT,Infrastructure Engineer,5000,GBP,6931,GB,100,GB,M
2020,MI,FT,DevOps Engineer,105000,USD,105000,US,100,US,M
2021e,MI,CT,Cloud Engineer,105000,GBP,145554,GB,100,GB,L
2020,MI,FT,Site Reliability Engineer,65000,EUR,77852,FR,100,FR,M
2020,MI,FT,Site Reliability Engineer,150000,USD,150000,US,100,US,L
2021e,SE,FT,Site Reliability Engineer,133000,EUR,159299,FI,100,FI,L
2021e,SE,FT,Infrastructure Architect,170000,USD,170000,US,50,US,L
2021e,SE,FT,DevOps Team Lead,155000,USD,155000,US,50,US,M
2021e,MI,FT,Site Reliability Engineer,840000,NOK,89322,NO,50,NO,L
2021e,SE,FT,Site Reliability Engineer,96000,EUR,114982,DE,100,DE,L
2021e,SE,FT,Devops Engineer,35000,EUR,41920,MK,100,MK,L
2020,SE,FT,Site Reliability Engineer,150000,CAD,120004,CA,100,KR,L
2021e,SE,FT,DevOps Engineer,140000,USD,140000,US,100,US,L
2021e,MI,FT,DevOps Engineer,119000,USD,119000,US,100,US,L
2021e,EN,FT,Cloud Engineer,43000,EUR,51502,FR,50,US,L
2021e,SE,FT,IT Infrastructure Engineer,96000,EUR,114982,DE,100,DE,M
2021e,MI,FT,DevOps Engineer,150000,USD,150000,US,100,US,L
2020,EN,FT,DevOps Architect,130000,USD,130000,CH,100,CH,L
2020,MI,FT,Cloud DevOps Engineer,10000000,JPY,93684,JP,100,JP,L
2021e,EN,FT,Cloud Engineer,100000,USD,100000,US,100,US,L
2021e,SE,FT,Cloud DevOps Engineer,75000,USD,75000,BA,100,US,M
2021e,MI,FT,Site Reliability Engineer,165000,USD,165000,US,50,US,L
2021e,SE,FT,DevOps Architect,1100000,ZAR,75592,ZA,100,ZA,L
2020,MI,FT,Cloud Engineer,117000,USD,117000,US,100,US,S
2020,SE,FT,Cloud Architect,53000,DKK,8108,DK,100,DK,L
2021e,MI,FT,Site Reliability Engineer,139000,USD,139000,US,100,US,M
2021e,SE,CT,Cloud Engineer,120000,GBP,166347,GB,50,GB,L
2021e,MI,FT,DevOps Engineer,110000,USD,110000,US,100,US,M
2021e,EN,FT,DevOps Consultant,85000,USD,85000,US,100,US,L
2021e,MI,FT,DevOps Engineer,48000,EUR,57491,DE,50,DE,M
2021e,SE,FT,DevOps Consultant,1500000,INR,20382,IN,100,IN,L
2021e,SE,FT,DevOps Engineer,106000,USD,106000,US,100,US,L
2021e,MI,FT,DevOps Manager,150000,USD,150000,US,100,US,M
2021e,SE,FT,DevOps Engineer,85000,EUR,101807,DE,100,DE,L
2020,EN,FT,DevOps Engineer,75000,PLN,19254,PL,100,PL,M
2021e,SE,FT,Cloud Engineer,165000,USD,165000,US,100,US,S
2020,EN,CT,DevOps Engineer,75000,PLN,19254,PL,100,PL,M
2021e,MI,FT,Cloud Engineer,95000,USD,95000,US,100,US,M
2021e,MI,FT,DevOps Engineer,130000,CAD,104004,CA,100,US,L
2021e,SE,FT,DevOps Engineer,236000,USD,236000,US,100,US,L
2021e,EN,FT,IT Infrastructure Engineer,168000,ILS,51552,IL,50,IL,S
2020,EN,FT,Application Security Engineer,85000,USD,85000,US,100,US,L
2021e,MI,FT,Research Scientist,80000,CAD,64002,CA,100,CA,M
2020,SE,FT,DevOps Engineer,280000,CAD,224008,CA,50,CA,L
2021e,EN,FT,Software Development Engineer in Test,15000,USD,15000,PL,0,PL,M
2021e,EN,FT,SOC Analyst,47000,CAD,37601,CA,100,CA,S
2021e,MI,FT,Financial Data Analyst,113,USD,113,US,50,US,L
2020,SE,FT,Product Designer,92000,CAD,73602,CA,100,CA,M
2021e,MI,FT,DevOps Infrastructure Engineer,40000,EUR,47909,ES,100,ES,L
2021e,SE,FT,Information Security Manager,120000,USD,120000,US,50,US,M
2020,MI,FT,Incident Response Manager,120000,USD,120000,US,50,US,L
2021e,SE,FT,Machine Learning Engineer,185000,USD,185000,US,50,US,L
2021e,EN,FT,Data Engineer,72500,USD,72500,US,100,US,L
2021e,MI,FT,Data Engineer,110000,USD,110000,US,100,US,L
2021e,SE,FT,ML Engineer,256000,USD,256000,US,100,US,S
2021e,SE,FT,Director of Data Engineering,200000,USD,200000,US,100,US,L
2020,SE,FT,Big Data Engineer,85000,GBP,117829,GB,50,GB,M
2021e,SE,FT,Data Analyst,200000,USD,200000,US,100,US,L
2021e,MI,FT,Data Architect,180000,USD,180000,US,100,US,L
2021e,MI,PT,Data Engineer,59000,EUR,70666,NL,100,NL,L
2021e,MI,FT,Business Analyst,110000,GBP,152485,GB,100,GB,L
2021e,SE,FT,UX Designer,160000,USD,160000,US,100,US,L
2021e,MI,FT,UX Researcher,50000,EUR,59886,DE,100,DE,M
2021e,EX,FT,Director of Engineering,75000,EUR,89830,DE,100,DE,S
2020,SE,FT,Software Engineer,75000,EUR,89830,DE,100,DE,M
2021e,MI,FT,Content Developer,60000,USD,60000,US,0,US,L
2021e,MI,FT,Content Developer,40000,USD,40000,US,0,US,L
2020,MI,FT,Cyber Security Analyst,75000,USD,75000,US,100,US,L
2021e,EX,FT,Software Development Engineer,100000,USD,100000,US,100,US,S
2021e,EN,FT,Cyber Security Engineer,101350,USD,101350,US,50,US,L
2021e,SE,FT,Principal Engineer,45000,USD,45000,MY,50,MY,L
2020,EN,FT,Cyber Security Analyst,60000,USD,60000,US,50,US,L
2021e,MI,FT,Data Engineer,112000,USD,112000,US,100,US,L
2020,SE,FT,Machine Learning Engineer,150000,USD,150000,US,50,US,L
2021e,MI,FT,Cybersecurity Engineer,65000,USD,65000,US,100,US,L
2021e,MI,PT,Cyber Security Researcher,100000,USD,100000,US,50,US,M
2021e,SE,FT,Security Analyst,105000,USD,105000,US,100,US,M
2021e,EX,FT,Information Security Architect,170000,CAD,136005,CA,50,CA,L
2021e,SE,FT,Data Scientist,180000,TRY,22277,TR,50,TR,L
2021e,SE,FT,AI Scientist,55000,USD,55000,ES,100,ES,L
2021e,MI,FT,Cyber Security Analyst,80000,USD,80000,US,50,US,L
2021e,EN,FT,Information Security Analyst,76000,CAD,60802,CA,100,CA,M
2021e,EN,FT,Data Scientist,58000,USD,58000,US,50,US,L
2021e,EN,PT,Research Scientist,27000,AUD,20539,AU,100,AU,L
2021e,MI,FT,Cloud DevOps Engineer,40000,GBP,55449,GB,50,GB,M
2021e,SE,FT,Information Security Manager,126000,USD,126000,US,50,US,L
2021e,SE,FT,Penetration Tester,182000,AUD,138453,AU,100,AU,L
2021e,MI,FL,Information Security Officer,65000,EUR,77852,DE,100,DE,M
2021e,MI,FT,Information Security Architect,72121,CHF,79194,FR,50,CH,S
2021e,MI,FT,Cyber Security Analyst,79000,USD,79000,US,100,US,L
2021e,EN,FT,DevOps Engineer,110000,USD,110000,US,50,US,M
2021e,SE,FT,Cyber Security Analyst,99000,CAD,79203,CA,100,CA,L
2021e,SE,FT,Cyber Security Researcher,275000,USD,275000,US,100,US,L
2021e,MI,FT,Incident Response Analyst,100000,USD,100000,US,100,US,L
2021e,SE,FL,Cyber Security Specialist,100000,USD,100000,FR,50,FR,L
2021e,MI,FT,Information Security Officer,52000,EUR,62282,SE,100,SE,S
2021e,MI,FT,IAM Engineer,115000,USD,115000,US,100,US,L
2020,MI,FT,Penetration Tester,80000,USD,80000,US,100,US,L
2020,SE,FT,Cyber Security Architect,123000,USD,123000,US,100,US,L
2021e,MI,FT,Information Security Officer,36000,EUR,43118,SI,100,SI,L
2020,MI,FT,Cyber Security Engineer,75000,USD,75000,US,50,US,S
2021e,EN,FT,Security Engineer,50000,USD,50000,US,50,US,S
2021e,SE,FT,Data Scientist,65720,EUR,78715,FR,50,FR,M
2021e,EN,FT,Data Scientist,100000,USD,100000,US,100,US,M
2021e,EN,FT,DevOps Engineer,90000,USD,90000,US,100,US,M
2021e,EN,FT,Cybersecurity Analyst,80000,USD,80000,US,50,US,L
2021e,EN,FT,Machine Learning Engineer,85000,USD,85000,NL,100,DE,S
2021e,MI,FT,Business Operations Manager,125000,USD,125000,CA,100,US,S
2020,MI,FT,Business Intelligence Analyst,100000,USD,100000,US,100,US,L
2021e,SE,FT,Data Science Consultant,175000,USD,175000,US,100,US,L
2021e,SE,CT,Staff Data Scientist,105000,USD,105000,US,100,US,M
2021e,EX,FT,IT Manager,4440000,RUB,61375,RU,0,RU,L
2021e,SE,FT,Data Analyst,20400000,CLP,27793,CL,100,CL,S
2021e,EN,FT,Data Engineer,55000,EUR,65875,DE,50,DE,M
2020,EN,FT,Data Analyst,72000,USD,72000,US,100,US,L
2021e,MI,FT,Software Developer,75000,EUR,89830,NL,50,NL,M
2021e,SE,FT,Platform Engineer,160000,USD,160000,US,100,US,M
2021e,MI,FT,Cyber Security Engineer,210000,USD,210000,US,100,US,L
2021e,MI,FT,Data Engineer,250000,TRY,30940,TR,100,TR,M
2021e,MI,FT,Front End Engineer,40000,USD,40000,IN,100,US,L
2021e,MI,FT,QA Automation Engineer,19200,EUR,22996,RO,100,RO,L
2021e,EN,FT,Incident Response Analyst,66000,USD,66000,US,100,US,L
2021e,EN,PT,Software Support,20000,PHP,403,PH,50,PH,S
2021e,SE,FT,Lead Data Engineer,160000,USD,160000,PR,50,US,S
2021e,MI,FT,Network Security Engineer,120000,USD,120000,KW,0,KW,L
2021e,SE,FT,DevOps Engineer,105000,CAD,84003,CA,50,CA,M
2021e,MI,FT,Data Scientist,21600,EUR,25871,RS,100,DE,S
2021e,MI,FT,Fullstack Engineer,55000,USD,55000,RO,100,US,S
2021e,SE,FT,Cloud Security Engineering Manager,55000,EUR,65875,ES,100,ES,L
2021e,EN,PT,Technical Program Manager,50000,DKK,7649,DK,100,DK,L
2021e,MI,FT,Project Manager,52000,EUR,62282,IE,100,IE,M
2021e,MI,FT,Site Reliability Engineer,85000,USD,85000,US,100,US,L
2021e,SE,FT,DevOps Engineer,161500,USD,161500,US,100,US,L
2021e,SE,FT,Cyber Security Engineer,55000,USD,55000,LT,50,DK,L
2020,SE,FT,Full Stack Developer,1000000,THB,31968,TH,100,TH,M
2021e,MI,FT,Data Scientist,1250000,INR,16985,IN,100,IN,S
2021e,MI,PT,Cloud DevOps Engineer,60000,EUR,71864,NL,100,NL,S
2020,SE,FT,Full Stack Developer,158000,USD,158000,US,100,US,L
2021e,MI,FT,DevOps Engineer,55000,EUR,65875,FR,100,FR,S
2021e,SE,FT,DevOps Architect,165000,USD,165000,US,100,US,L
2021e,EN,FT,DevOps Engineer,100000,USD,100000,US,100,US,L
2020,SE,FT,Cloud Architect,120000,CAD,96003,CA,100,CA,L
2020,SE,CT,DevOps Engineer,70000,USD,70000,AR,100,US,M
2021e,SE,FT,Staff Site Reliability Engineer,225000,USD,225000,US,50,US,L
2021e,SE,FT,DevOps Engineer,142000,CAD,113604,CA,100,CA,M
2021e,EX,FT,DevOps Manager,330000,USD,330000,US,100,US,M
2020,SE,FT,DevOps Infrastructure Engineer,93000,USD,93000,US,50,US,L
2021e,SE,FT,DevOps Engineer,135000,CAD,108004,CA,100,CA,M
2021e,SE,FT,Cloud Architect,4500000,INR,61148,IN,50,IN,L
2021e,MI,FT,Cloud Infrastructure Engineer,110000,USD,110000,US,50,US,S
2021e,SE,FT,Infrastructure Engineer,190000,USD,190000,US,100,US,L
2020,EN,FT,Site Reliability Engineer,100000,USD,100000,US,50,US,M
2020,SE,FT,Lead DevOps Engineer,190000,USD,190000,US,100,US,L
2021e,SE,FT,Lead DevOps Engineer,1512000,PHP,30479,PH,100,PH,L
2021e,MI,FT,Cloud Engineer,1100000,INR,14947,IN,100,IN,M
2021e,MI,CT,Cloud Infrastructure Engineer,62000,USD,62000,US,100,US,L
2021e,MI,FT,Site Reliability Engineer,100000,EUR,119773,FR,100,FR,S
2021e,MI,FT,DevOps Engineer,115000,USD,115000,US,100,US,M
2021e,SE,FT,Site Reliability Engineer,85000,EUR,101807,NL,100,NL,L
2020,SE,FT,DevOps Manager,118500,GBP,164268,GB,100,US,L
2020,SE,FT,Lead DevOps Engineer,90000,GBP,124760,GB,100,GB,M
2021e,MI,FT,DevOps Engineer,50000,GBP,69311,GB,100,GB,M
2020,EN,FT,Cloud DevOps Engineer,32000,USD,32000,LT,50,LT,L
2020,SE,FT,Cloud DevOps Engineer,140000,USD,140000,US,100,US,L
2021e,SE,FT,DevOps Engineer,125000,USD,125000,US,100,US,L
2021e,EN,FT,Cloud Engineer,101000,USD,101000,US,50,US,L
2020,SE,FT,DevOps Infrastructure Engineer,72000,USD,72000,CR,100,CR,M
2021e,SE,FT,Infrastructure Engineer,150000,USD,150000,US,100,US,M
2020,SE,CT,DevOps Engineer,65000,USD,65000,ES,100,US,L
2021e,SE,FT,Principal Site Reliability Engineer,250000,USD,250000,US,100,US,M
2020,SE,FT,Lead DevOps Engineer,136000,USD,136000,US,50,US,M
2020,SE,FT,Lead DevOps Engineer,75000,EUR,89830,DE,100,DE,L
2021e,EX,FT,Principal Cloud Architect,200000,USD,200000,US,100,US,S
2020,SE,FT,Site Reliability Engineer,51600,EUR,61803,RS,100,US,S
2020,MI,FT,DevOps Infrastructure Engineer,45000,EUR,53898,RO,100,RO,L
2020,SE,FT,Lead DevOps Engineer,90000,GBP,124760,GB,50,GB,M
2021e,SE,FT,DevOps Engineer,1800000,INR,24459,IN,50,IN,L
2020,SE,FT,Staff Site Reliability Engineer,258000,USD,258000,US,50,US,L
2020,SE,FT,DevOps Engineer,165000,USD,165000,US,50,US,M
2021e,MI,FT,DevOps Engineer,4800,USD,4800,EC,100,US,L
2020,MI,FT,Site Reliability Engineer,82500,EUR,98813,NL,100,NL,M
2020,SE,FT,Cloud Engineer,180000,USD,180000,US,50,US,L
2020,SE,FT,DevOps Engineer,107000,USD,107000,US,100,US,M
2021e,SE,FT,Lead Site Reliability Engineer,3200000,INR,43483,IN,100,IN,M
2020,SE,FT,Principal DevOps Engineer,146000,USD,146000,US,50,US,L
2020,MI,FT,Automation Engineer,135000,USD,135000,US,50,US,L
2021e,EX,FT,DevSecOps Engineer,160000,USD,160000,US,100,US,S
2021e,SE,FT,Infrastructure Engineer,160000,CAD,128005,CA,100,US,M
2021e,SE,FT,DevOps Architect,32000,EUR,38327,ES,100,ES,L
2021e,MI,FT,DevOps Architect,25000,EUR,29943,PT,50,PT,M
2021e,MI,FT,Site Reliability Engineer,133830,USD,133830,US,100,US,L
2021e,MI,FT,Site Reliability Engineer,146000,USD,146000,US,100,US,L
2020,MI,FT,Site Reliability Engineer,70000,CAD,56002,CA,100,CA,M
2021e,SE,FT,DevOps Automation Engineer,700000,DKK,107092,DK,50,DK,L
2021e,SE,FT,Cloud Architect,85000,GBP,117829,GB,100,GB,M
2021e,MI,FT,Cloud DevOps Engineer,35000,EUR,41920,PT,50,PT,L
2021e,SE,FT,DevOps Infrastructure Engineer,145000,CAD,116004,CA,100,CA,L
2021e,EN,FT,DevOps Consultant,450000,INR,6114,IN,50,IN,L
2020,MI,CT,Cloud Engineer,72000,USD,72000,SV,100,US,M
2021e,MI,FT,Lead DevOps Engineer,3300000,INR,44842,IN,50,IN,L
2021e,SE,FT,DevOps Engineer,133000,NZD,94684,NZ,100,NZ,M
2021e,SE,FT,Lead Site Reliability Engineer,130000,USD,130000,US,100,US,M
2021e,MI,FT,DevOps Engineer,26556,EUR,31807,BG,100,BG,S
2021e,SE,FT,DevOps Architect,38000,EUR,45514,ES,50,ES,L
2020,SE,FT,DevOps Engineer,120000,CAD,96003,CA,50,CA,S
2021e,SE,FT,DevOps Engineer,75000,GBP,103967,GB,100,GB,L
2021e,MI,FT,DevOps Developer,57000,EUR,68271,DE,50,DE,L
2020,MI,FT,Cloud DevOps Engineer,200000,EUR,239547,FR,100,FR,M
2021e,MI,FT,Cloud Architect,40000,EUR,47909,PT,50,PT,L
2021e,SE,CT,DevSecOps Engineer,335000,USD,335000,US,100,US,S
2021e,SE,FT,DevOps Engineer,95000,EUR,113785,NL,50,NL,L
2021e,SE,FT,Automation Engineer,67000,EUR,80248,PT,100,PT,S
2021e,SE,FT,DevOps Engineer,71000,EUR,85039,PT,100,ES,L
2020,SE,FT,DevOps Architect,650000,HKD,83805,HK,100,US,L
2020,EN,FT,DevOps Engineer,40000,GBP,55449,GB,50,GB,S
2021e,EN,FT,DevOps Engineer,192000,INR,2608,IN,100,IN,S
2020,MI,FT,DevOps Developer,121000,USD,121000,US,50,US,M
2020,SE,FT,DevOps Engineer,275000,USD,275000,US,100,US,L
2021e,MI,FT,Information Security Analyst,42000,GBP,58221,GB,100,GB,L
2021e,SE,FT,Penetration Testing Engineer,126000,USD,126000,US,100,US,L
2021e,SE,FT,Information Security Manager,60000,GBP,83173,GB,50,GB,L
2020,MI,FT,Cyber Security Analyst,140000,AUD,106502,AU,50,AU,M
2020,MI,FT,Ethical Hacker,356000,GBP,493498,GB,100,GB,L
2021e,EN,FT,Cyber Security Analyst,100000,USD,100000,US,50,US,M
2021e,SE,FT,Application Security Engineer,135000,USD,135000,US,100,US,L
2021e,EN,FT,Application Security Engineer,65000,USD,65000,US,100,US,L
2020,SE,FT,Chief Information Security Officer,35000,USD,35000,AR,100,AR,L
2020,MI,FT,Application Security Engineer,110000,USD,110000,US,50,US,L
2020,SE,FT,Cyber Security Analyst,80000,GBP,110898,GB,50,GB,L
2020,MI,FT,Information Security Officer,122750,USD,122750,US,100,US,M
2020,SE,FT,Information Security Specialist,100000,EUR,119773,DE,100,DE,L
2021e,MI,FT,Information Security Engineer,128000,USD,128000,US,100,US,L
2021e,SE,FT,Detection Engineer,81000,USD,81000,PL,100,PL,L
2021e,MI,FT,Cyber Threat Intelligence Analyst,116000,USD,116000,US,50,US,L
2020,SE,FT,Cyber Security Engineer,140000,USD,140000,US,50,US,L
2020,SE,FT,Security Engineer,149000,USD,149000,US,50,US,L
2020,EN,FT,Cybersecurity Analyst,65000,USD,65000,US,100,US,S
2021e,SE,FT,Information Security Manager,360,TRY,44,TR,50,TR,L
2021e,SE,FT,Ethical Hacker,49000,EUR,58689,NL,50,NL,S
2020,EX,FT,Cyber Security Architect,190000,EUR,227570,FR,100,US,L
2020,SE,FT,Information Security Architect,110000,EUR,131751,DE,50,DE,L
2021e,SE,FT,Cyber Security Specialist,51000,EUR,61084,NL,50,NL,M
2020,SE,FT,Information Security Architect,198000,USD,198000,US,100,US,L
2021e,SE,FT,Cloud Security Architect,205000,USD,205000,US,100,US,L
2021e,EX,FT,Chief Information Security Officer,400000,USD,400000,US,100,US,L
2021e,SE,FT,Penetration Testing Engineer,384000,ILS,117835,IL,50,IL,L
2021e,SE,FT,Cybersecurity Engineer,133900,USD,133900,US,100,US,L
2020,SE,FT,Security Incident Response Engineer,260000,USD,260000,US,100,US,L
2020,EN,FT,Information Security Officer,43000,EUR,51502,FR,50,FR,L
2020,MI,FT,Cybersecurity Engineer,126000,USD,126000,US,50,US,L
2021e,SE,FT,Penetration Tester,133000,USD,133000,US,100,US,L
2021e,EN,FT,Cyber Security Researcher,125000,USD,125000,US,50,US,L
2020,SE,FT,Information Security Architect,85000,GBP,117829,GB,100,GB,M
2020,SE,FT,Cyber Threat Intelligence Analyst,108000,USD,108000,US,100,US,L
2021e,SE,FT,Penetration Tester,120,EUR,143,AT,100,AT,M
2021e,MI,FT,Cyber Security Engineer,85000,USD,85000,US,100,US,L
2021e,SE,FT,Cyber Threat Intelligence Analyst,110000,USD,110000,US,100,US,L
2020,EX,FT,Information Security Manager,169781,USD,169781,US,100,US,L
2020,SE,FT,Software Security Engineer,300000,AUD,228220,AU,100,US,L
2021e,SE,FT,Application Security Engineer,75000,USD,75000,PT,50,PT,M
2021e,EN,FT,Cyber Security Analyst,85000,USD,85000,US,50,IL,M
2020,EN,FT,Penetration Tester,56000,EUR,67073,DE,50,DE,S
2020,SE,FT,Information Security Engineer,145000,USD,145000,US,100,US,L
2020,EN,FT,Cyber Security Engineer,76960,USD,76960,US,50,US,L
2021e,EN,FT,Cyber Security Engineer,88500,USD,88500,US,50,US,L
2021e,SE,FT,Security Engineer,172000,USD,172000,US,100,US,L
2021e,MI,FT,Penetration Tester,110000,USD,110000,US,100,US,L
2021e,MI,FT,Product Security Engineer,140400,USD,140400,US,50,US,L
2020,EN,FT,Cyber Security Specialist,34000,EUR,40723,IT,50,IT,L
2020,SE,FT,Cyber Security Architect,203000,USD,203000,US,50,US,L
2021e,EN,FT,Cyber Security Engineer,75500,AUD,57435,AU,100,AU,M
2021e,SE,FT,Security Engineer,90000,GBP,124760,GB,50,GB,L
2021e,SE,FT,Penetration Tester,180000,NZD,128143,NZ,50,NZ,S
2021e,MI,FT,Security Engineering Manager,140000,USD,140000,US,50,US,L
2021e,EN,FT,Security Analyst,48000,USD,48000,US,100,US,L
2021e,SE,FT,Penetration Tester,190000,USD,190000,US,100,US,M
2020,SE,FT,Incident Response Analyst,135000,USD,135000,US,50,US,L
2020,MI,FT,Application Security Engineer,107000,CAD,85603,CA,100,CA,L
2020,EN,FT,SOC Analyst,5000000,USD,5000000,US,50,US,S
2020,SE,FT,Information Security Manager,252000,USD,252000,US,100,US,M
2021e,MI,FT,Penetration Tester,115000,USD,115000,US,100,US,L
2021e,SE,FT,Penetration Tester,180000,AUD,136932,AU,100,AU,S
2021e,EX,FT,Chief Information Security Officer,289000,USD,289000,US,100,US,L
2021e,SE,FT,Penetration Tester,143000,USD,143000,US,100,US,L
2021e,SE,FT,Information Security Analyst,115000,USD,115000,US,50,US,L
2020,SE,FT,Concierge Security Engineer,115000,EUR,137739,DE,100,DE,S
2021e,SE,FT,Security Engineer,106000,USD,106000,US,100,US,L
2020,SE,FT,IT Security Engineer,105000,USD,105000,US,50,US,L
2020,SE,FT,Cyber Security Engineer,132000,USD,132000,US,100,US,L
2021e,SE,FT,Cloud Security Engineer,82000,USD,82000,US,100,US,L
2021e,EN,FT,Cyber Security Analyst,80100,USD,80100,US,100,US,L
2020,SE,FT,Security Engineer,300000,USD,300000,US,50,US,L
2020,MI,FT,DevSecOps Engineer,58000,EUR,69468,BE,50,BE,M
2021e,SE,FT,Cyber Security Architect,450000,BRL,84397,BR,100,BR,L
2021e,MI,FT,Cyber Security Analyst,51000,EUR,61084,DE,100,DE,M
2021e,MI,FT,Cyber Security Specialist,62000,EUR,74259,DE,100,DE,L
2021e,EN,FT,Security Engineer,1000000,INR,13588,IN,50,IN,M
2021e,SE,FT,Cyber Security Engineer,56000,EUR,67073,FR,50,FR,S
2020,MI,FT,Application Security Engineer,8223,USD,8223,IN,100,US,L
2020,MI,FT,Information Security Manager,120000,EUR,143728,DE,50,DE,L
2021e,SE,FT,IT Security Engineer,70000,EUR,83841,AT,100,AT,S
2020,MI,FT,Security Engineer,90000,USD,90000,CH,50,CH,S
2021e,MI,FT,Penetration Tester,33000,EUR,39525,ES,100,ES,M
2020,SE,CT,Cyber Security Analyst,150000,GBP,207934,GB,100,GB,L
2020,EN,FT,Penetration Tester,53000,NZD,37731,NZ,100,NZ,M
2021e,EX,FT,Penetration Tester,70000,EUR,83841,FR,50,FR,L
2020,SE,FT,Information Security Engineer,29950,EUR,35872,GR,50,GR,L
2020,SE,FT,Penetration Tester,75000,GBP,103967,GB,100,GB,M
2020,EN,FT,SOC Analyst,60000,USD,60000,US,100,US,L
2020,SE,FT,Penetration Tester,198000,PLN,50831,PL,100,PL,L
2020,MI,FT,Ethical Hacker,52000,EUR,62282,FR,100,FR,L
2020,MI,FT,Cyber Security Specialist,26000,EUR,31141,IT,50,IT,M
2021e,EN,FT,IT Security Engineer,16800,EUR,20122,GR,50,GR,M
2020,SE,FT,Cyber Security Specialist,900000,ZAR,61848,ZA,100,ZA,L
2021e,SE,FT,Information Security Specialist,155000,CHF,170201,CH,100,CH,L
2020,EN,FT,Cyber Security Engineer,35000,GBP,48518,GB,100,GB,L
2021e,MI,FT,Security Engineer,70000,EUR,83841,DE,50,DE,L
2020,SE,FT,Penetration Testing Engineer,62000,EUR,74259,ES,100,ES,L
2021e,EX,FT,Chief Information Security Officer,142000,GBP,196844,GB,100,GB,L
2021e,MI,FT,Cyber Security Engineer,80000,EUR,95819,FR,100,FR,L
2021e,SE,FT,Security Engineer,50000,EUR,59886,PT,100,PT,L
2020,SE,FT,Cyber Security Specialist,45000,EUR,53898,ES,100,ES,S
2021e,SE,FT,Cyber Security Specialist,75000,EUR,89830,NL,50,NL,S
2021e,MI,FT,Penetration Tester,1740,EUR,2084,PT,100,PT,M
2020,SE,FT,Principal Cloud Security Engineer,50000,GBP,69311,GB,100,GB,L
2021e,SE,FT,Cyber Security Architect,140000,USD,140000,US,100,US,L
2021e,SE,FT,Cyber Security Analyst,140000,USD,140000,US,100,US,L
2021e,MI,FT,Security Engineer,140000,EUR,167683,NL,50,NL,L
2021e,SE,FT,Cyber Threat Intelligence Analyst,200000,USD,200000,US,100,US,M
2021e,SE,FT,Information Security Manager,50000,EUR,59886,IT,100,IT,L
2021e,MI,FT,Cyber Security Engineer,140000,USD,140000,US,100,US,M
2021e,MI,FT,Penetration Tester,38000,GBP,52676,GB,100,GB,S
2020,MI,FT,Security Analyst,115000,USD,115000,US,100,US,M
2020,SE,FT,Cyber Threat Analyst,140000,USD,140000,US,100,US,L
2021e,EN,FT,Cyber Security Analyst,80000,USD,80000,US,50,US,L
2021e,MI,FT,Cyber Security Analyst,110000,USD,110000,US,100,US,L
2020,EN,FT,Information Security Analyst,60000,USD,60000,US,100,US,L
2021e,SE,FT,Staff Security Engineer,450000,USD,450000,US,100,US,L
2021e,SE,FT,Security Engineering Manager,190000,NZD,135263,NZ,50,NZ,L
2021e,SE,FT,Cyber Security Architect,280000,USD,280000,AU,100,AU,L
2021e,EX,FT,Cyber Security Specialist,120000,SGD,89652,SG,100,SG,S
2021e,SE,FT,Cyber Threat Intelligence Analyst,80000,EUR,95819,DE,100,DE,L
2021e,SE,FT,Penetration Tester,126000,CAD,100804,CA,50,CA,L
2020,SE,FT,Cyber Security Researcher,250000,EUR,299434,DE,100,US,L
2021e,MI,FT,Application Security Engineer,50000,EUR,59886,FR,100,FR,L
2020,SE,FT,Security Engineer,47620,EUR,57036,PT,50,PT,L
2021e,SE,FT,Penetration Tester,113500,CAD,90803,CA,100,CA,M
2021e,EN,FT,Security Engineer,43000,EUR,51502,FR,100,FR,L
2021e,SE,FT,Cyber Security Engineer,132000,USD,132000,US,100,US,L
2021e,MI,FT,Cyber Security Analyst,360000,INR,4891,IN,50,IN,M
2021e,MI,FT,Cyber Security Engineer,35000,EUR,41920,IT,50,IT,L
2020,SE,FT,Information Security Specialist,170000,USD,170000,US,100,US,L
2020,SE,FT,Lead Application Security Engineer,55000,EUR,65875,PT,100,PT,L
2020,MI,FT,Vulnerability Management Engineer,130000,USD,130000,US,50,US,L
2020,SE,FT,Application Security Engineer,108000,USD,108000,US,100,US,L
2021e,MI,FT,Security Engineer,100000,EUR,119773,DE,50,DE,L
2021e,SE,FT,Cyber Security Architect,35000,USD,35000,TR,50,TR,S
2021e,EN,FT,SOC Analyst,76000,CAD,60802,CA,100,CA,M
2021e,MI,FT,Penetration Tester,100000,USD,100000,US,100,US,M
2021e,MI,FT,Application Security Engineer,1000000,INR,13588,IN,50,IN,M
2021e,EN,FT,Cybersecurity Analyst,63000,USD,63000,US,50,US,L
2020,SE,PT,Information Security Manager,45000,EUR,53898,PT,100,NL,M
2020,SE,FT,Software Security Engineer,180000,USD,180000,US,100,US,S
2021e,EN,FT,Incident Response Analyst,77600,USD,77600,US,100,US,L
2021e,EN,FT,Cybersecurity Analyst,23500,GBP,32576,GB,50,GB,L
2021e,EN,FT,Penetration Tester,320000,INR,4348,IN,50,IN,S
2020,SE,FT,Cyber Security Specialist,146000,USD,146000,US,100,US,L
2020,SE,FT,Information Security Officer,159000,USD,159000,US,50,US,L
2020,SE,FT,Security Engineer,170000,USD,170000,US,50,US,L
2021e,SE,FT,Cyber Security Architect,200000,USD,200000,US,100,US,L
2021e,EX,FT,Principal Security Engineer,3800000,INR,51636,IN,100,GB,S
2020,SE,FT,Information Security Engineer,120000,USD,120000,US,100,US,M
2021e,MI,FT,Cyber Security Analyst,106000,USD,106000,US,100,US,L
2021e,EN,FT,Cyber Security Analyst,28500,GBP,39507,GB,50,GB,S
2021e,MI,FT,Information Security Analyst,82700,USD,82700,US,100,US,L
2020,EN,FT,Cyber Security Analyst,23000,EUR,27547,IT,100,IT,L
2021e,SE,FT,Ethical Hacker,150000,USD,150000,US,100,US,L
2020,SE,PT,Cybersecurity Researcher,55000,USD,55000,US,100,US,L
2020,SE,FT,Digital Forensics Analyst,125000,USD,125000,US,100,US,L
2021e,SE,FT,Digital Forensics Analyst,140000,USD,140000,US,50,US,L
2021e,SE,FT,Cyber Security Architect,127000,USD,127000,US,100,US,L
2021e,SE,CT,Cyber Security Architect,72000,USD,72000,US,100,US,M
2020,SE,FT,Cyber Security Specialist,104000,CAD,83203,CA,100,CA,L
2020,MI,FT,Cyber Security Specialist,504000,SEK,54784,SE,50,SE,M
2020,MI,FT,Cyber Security Analyst,350000,ZAR,24052,ZA,50,ZA,L
2021e,EN,FT,Cyber Security Analyst,65000,USD,65000,DE,100,US,L
2021e,SE,FT,Cyber Security Analyst,145000,AUD,110306,AU,100,US,L
2020,MI,FT,Information Security Specialist,80000,USD,80000,US,100,US,L
2021e,MI,FT,Penetration Testing Engineer,150000,USD,150000,US,100,US,L
2021e,MI,FT,Offensive Security Engineer,110,USD,110,US,100,US,L
2021e,MI,FT,Cyber Security Analyst,90000,USD,90000,US,50,US,L
2021e,EN,FT,Ethical Hacker,45000,EUR,53898,DE,50,DE,M
2021e,SE,FT,DevSecOps Engineer,60000,EUR,71864,FR,50,FR,L
2021e,MI,FT,Information Security Engineer,120000,USD,120000,US,100,US,L
2020,SE,FT,Information Security Architect,170000,USD,170000,US,100,US,L
2020,MI,CT,Security Engineer,40000,EUR,47909,NL,50,NL,S
2021e,SE,FT,Cyber Threat Intelligence Analyst,134000,USD,134000,US,100,US,L
2020,MI,FT,IT Security Engineer,130000,USD,130000,US,50,US,L
2021e,SE,FT,Security Engineering Manager,174000,USD,174000,US,50,US,L
2020,SE,FT,Security Engineer,142000,USD,142000,US,100,US,L
2021e,MI,FT,Cloud Security Engineer,130000,USD,130000,CH,50,CH,L
2021e,EN,FT,Cybersecurity Analyst,77000,USD,77000,US,100,US,L
2021e,MI,FT,Security Analyst,20000,USD,20000,IN,100,US,L
2021e,MI,FT,Cyber Threat Analyst,79509,USD,79509,US,50,US,L
2021e,EX,FT,Security Officer 3,148000,USD,148000,US,100,US,M
2021e,EN,FT,Cyber Security Analyst,81000,USD,81000,US,50,US,L
2021e,MI,FT,Information Security Manager,114000,USD,114000,US,50,US,L
2021e,EN,FT,Network Security Engineer,836000,INR,11360,IN,50,IN,L
2021e,MI,FT,Cyber Security Analyst,42900,EUR,51382,SI,100,SI,M
2020,EN,FT,Security Engineer,28250,GBP,39161,GB,100,GB,M
2021e,SE,FT,Data Science Manager,7000000,INR,95119,IN,50,IN,L
2020,EN,CT,Business Data Analyst,100000,USD,100000,US,100,US,L
2020,EN,FT,Data Scientist,105000,USD,105000,US,100,US,S
2021e,MI,FT,Principal Data Scientist,151000,USD,151000,US,100,US,L
2020,SE,FT,Data Scientist,412000,USD,412000,US,100,US,L
2021e,SE,FT,Data Specialist,165000,USD,165000,US,100,US,L
2021e,MI,FT,Data Engineer,24000,EUR,28745,MT,50,MT,L
2021e,MI,FT,Applied Machine Learning Scientist,423000,USD,423000,US,50,US,L
2021e,MI,FT,Data Scientist,160000,SGD,119536,SG,100,IL,M
2020,SE,FT,Machine Learning Engineer,40000,EUR,47909,HR,100,HR,S
2020,MI,FT,Data Engineer,130800,USD,130800,ES,100,US,M
2020,MI,FT,Data Scientist,138350,USD,138350,US,100,US,M
2020,MI,FT,Data Scientist,118000,USD,118000,US,100,US,M
2020,SE,FT,Data Science Manager,190200,USD,190200,US,100,US,M
2021e,MI,FT,Data Engineer,38400,EUR,45993,NL,100,NL,L
2021e,EN,PT,AI Scientist,12000,USD,12000,BR,100,US,S
2021e,MI,FT,Lead Data Analyst,1450000,INR,19703,IN,100,IN,L
2021e,SE,FT,Principal Data Scientist,235000,USD,235000,US,100,US,L
2020,EX,FT,Head of Data Science,1250,JPY,11,JP,100,JP,S
2021e,MI,FT,Data Scientist,115000,USD,115000,US,50,US,L
2020,MI,FT,Data Scientist,55000,EUR,65875,FR,50,LU,S
2021e,EN,FT,AI Scientist,1335000,INR,18140,IN,100,AS,S
2021e,MI,FT,Data Scientist,39600,EUR,47430,ES,100,ES,M
2020,MI,FT,Data Scientist,34000,EUR,40723,ES,100,ES,M
2020,SE,FT,Principal Data Scientist,130000,EUR,155705,DE,100,DE,M
2021e,SE,FT,Principal Data Scientist,147000,EUR,176067,DE,100,DE,M
2021e,EN,FT,Business Data Analyst,50000,EUR,59886,LU,100,LU,L
2021e,MI,FT,Data Scientist,130000,USD,130000,US,50,US,L
2020,SE,FL,Computer Vision Engineer,60000,USD,60000,RU,100,US,S
2021e,SE,FT,Data Science Manager,152000,USD,152000,US,100,FR,L
2021e,MI,FT,Machine Learning Engineer,74000,USD,74000,JP,50,JP,S
2021e,SE,FT,Data Engineer,65000,EUR,77852,RO,50,GB,S
2021e,MI,FL,Machine Learning Scientist,12000,USD,12000,PK,50,PK,M
2021e,SE,FT,Finance Data Analyst,45000,GBP,62380,GB,50,GB,L
2021e,SE,FT,Data Scientist,110000,CAD,88003,CA,100,CA,S
2020,SE,FT,Data Scientist,120000,USD,120000,US,50,US,L
2021e,SE,FT,Data Analytics Manager,140000,USD,140000,US,100,US,L
2020,MI,FT,Data Engineer,110000,USD,110000,US,100,US,L
2020,EN,PT,Data Scientist,19000,EUR,22757,IT,50,IT,S
2020,EN,FT,Data Scientist,55000,EUR,65875,DE,50,DE,S
2021e,SE,FT,Principal Data Engineer,185000,USD,185000,US,100,US,L
2020,MI,FT,Data Scientist,37000,EUR,44316,FR,50,FR,S
2021e,EX,FT,Principal Data Engineer,600000,USD,600000,US,100,US,L
2021e,MI,FT,Data Science Engineer,34000,EUR,40723,GR,100,GR,M
2021e,SE,FT,Research Scientist,50000,USD,50000,FR,100,US,S
2021e,MI,FT,Data Scientist,160000,USD,160000,US,100,US,L
2020,EN,FT,AI Scientist,300000,DKK,45896,DK,50,DK,S
2021e,EN,PT,Lead Data Scientist,18000,JPY,168,AF,100,AO,S
2021e,SE,FT,Machine Learning Engineer,200000,USD,200000,US,100,US,L
2020,EX,FT,Director of Data Science,325000,USD,325000,US,100,US,L
2021e,MI,FT,Machine Learning Engineer,21000,EUR,25152,SI,50,SI,L
2021e,MI,FT,Research Scientist,48000,EUR,57491,FR,50,FR,S
2021e,MI,FT,Data Engineer,48000,GBP,66539,HK,50,GB,S
2020,SE,FT,Data Engineer,42000,EUR,50305,GR,50,GR,L
2020,MI,FT,Product Data Analyst,450000,INR,6114,IN,100,IN,L
2021e,MI,FT,Data Scientist,75000,EUR,89830,DE,50,DE,L
2021e,EN,PT,Computer Vision Engineer,180000,DKK,27538,DK,50,DK,S
2020,MI,FT,Lead Data Engineer,56000,USD,56000,PT,100,US,M
2020,EN,FT,Data Science Consultant,423000,INR,5747,IN,50,IN,M
2021e,MI,FT,Machine Learning Engineer,75000,EUR,89830,BE,100,BE,M
2020,SE,FT,Big Data Engineer,100000,EUR,119773,PL,100,GB,S
2020,EN,FT,Data Engineer,4450000,JPY,41689,JP,100,JP,S
2020,MI,FT,Data Analyst,8000,USD,8000,PK,50,PK,L
2021e,MI,FT,Machine Learning Engineer,180000,PLN,46210,PL,100,PL,L
2021e,MI,FT,Data Scientist,85000,GBP,117829,GB,50,GB,L
2021e,MI,FT,Data Scientist,40900,GBP,56696,GB,50,GB,L
2021e,SE,FT,Machine Learning Scientist,225000,USD,225000,US,100,CA,L
2021e,EX,CT,Principal Data Scientist,416000,USD,416000,US,100,US,S
2020,MI,FT,Data Analyst,85000,USD,85000,US,100,US,L
2021e,MI,FT,Data Scientist,32000,EUR,38327,ES,100,ES,L
2021e,SE,FT,Machine Learning Infrastructure Engineer,195000,USD,195000,US,100,US,M
2021e,MI,FT,Data Scientist,52000,EUR,62282,DE,50,AT,M
2021e,EN,FT,Data Science Consultant,90000,USD,90000,US,100,US,S
2021e,MI,FT,Data Scientist,30400000,CLP,41418,CL,100,CL,L
2021e,EN,FT,Machine Learning Engineer,81000,USD,81000,US,50,US,S
2021e,MI,FT,Data Scientist,420000,INR,5707,IN,100,US,S
2021e,MI,FT,Data Scientist,76760,EUR,91938,DE,50,DE,L
2020,MI,FT,Lead Data Analyst,87000,USD,87000,US,100,US,L
2021e,MI,FT,Data Engineer,4000,USD,4000,IR,100,IR,M
2021e,SE,FT,Data Analytics Engineer,50000,USD,50000,VN,100,GB,M
2021e,EX,FT,Data Science Consultant,59000,EUR,70666,FR,100,ES,S
2020,SE,FT,Lead Data Engineer,125000,USD,125000,NZ,50,NZ,S
2021e,EN,FT,Machine Learning Engineer,21844,USD,21844,CO,50,CO,M
2020,MI,FT,Business Data Analyst,135000,USD,135000,US,100,US,L
2021e,SE,FT,Data Science Manager,174000,USD,174000,US,100,US,L
2021e,SE,FT,Research Scientist,120500,CAD,96403,CA,50,CA,L
2021e,MI,FT,Data Scientist,147000,USD,147000,US,50,US,L
2021e,EN,FT,BI Data Analyst,9272,USD,9272,KE,100,KE,S
2021e,SE,FT,Machine Learning Engineer,1799997,INR,24459,IN,100,IN,L
2021e,SE,FT,Data Science Manager,4000000,INR,54354,IN,50,US,L
2021e,EN,FT,Machine Learning Engineer,21000,EUR,25152,DE,50,DE,M
2020,MI,FT,Data Scientist,11000000,HUF,36945,HU,50,HU,L
2021e,SE,FT,Data Analyst,90000,CAD,72002,CA,100,CA,M
2021e,EN,FT,Big Data Engineer,1200000,INR,16306,IN,100,IN,L
2020,MI,FT,Data Engineer,100000,INR,1358,IN,50,IN,S
2020,SE,FT,Lead Data Scientist,190000,USD,190000,US,100,US,S
2021e,SE,FT,Data Analyst,54000,EUR,64677,DE,50,DE,L
2021e,SE,FT,Product Designer,195000,USD,195000,US,100,US,L
2021e,SE,FT,Product Designer,140000,USD,140000,US,100,US,M
2021e,SE,FT,Backend Software Engineer,60000,USD,60000,UG,100,US,L
2020,EN,FT,Lead UX Designer,80000,USD,80000,US,100,US,S
2021e,EN,FT,Android Developer,43300,EUR,51862,FR,0,FR,S
2020,EN,FT,Application Security Engineer,312000,MXN,14521,MX,0,MX,M
2021e,EN,FT,Web Designer,52000,USD,52000,US,50,US,L
2020,MI,FT,Frontend Developer,70000,NZD,49833,NZ,50,NZ,S
2021e,SE,CT,Technical Product Manager,120000,USD,120000,AR,100,US,M
2021e,MI,FT,Associate Product Manager,60000,USD,60000,ZA,100,ZA,M
2020,SE,FT,Operations Manager,50000,USD,50000,PE,100,PE,L
2021e,SE,FT,Product Designer,104000,USD,104000,US,50,US,L
2020,EX,FT,Design Director,150000,GBP,207934,GB,100,US,L
2020,MI,FT,Product Manager,65000,EUR,77852,IE,100,IE,S
2020,EN,FT,Associate Product Manager,5200,USD,5200,ID,50,ID,S
2021e,EN,FT,Full Stack Developer,450000,INR,6114,IN,100,IN,S
2021e,EN,FT,UI Designer,30000,USD,30000,NL,100,SE,M
2021e,SE,FT,Lead UX Designer,40000,USD,40000,IN,100,SG,S
2021e,SE,FT,Product Manager,44000,USD,44000,AR,100,US,S
2021e,SE,FT,Principal Product Designer,180000,USD,180000,US,100,US,M
2020,MI,FT,UX Designer,80000,SGD,59768,SG,0,SG,M
2020,EN,FT,Product Manager,90000,CAD,72002,CA,100,CA,S
2021e,SE,FT,Product Designer,95000,CAD,76003,CA,100,CA,L
2021e,MI,FT,Product Designer,105000,USD,105000,US,100,US,L
2021e,MI,FT,Content Writer,80000,USD,80000,MZ,100,US,M
2021e,SE,FT,Full Stack Software Engineer,110000,CAD,88003,CA,100,CA,S
2020,EN,FL,Business Development Representative,1000,USD,1000,US,50,US,S
2020,SE,FT,Software Development Engineer,132000,USD,132000,US,50,US,L
2021e,MI,FT,Product Manager,125000,USD,125000,US,100,US,S
2020,SE,FT,Recruiter,120000,CAD,96003,CA,100,CA,S
2021e,MI,FT,HR Business Partner,58000,USD,58000,US,100,US,M
2021e,SE,FT,UX Designer,52500,GBP,72777,GB,50,US,L
2021e,MI,FT,IT Support Specialist,47500,USD,47500,US,0,US,L
2020,EX,FT,IT Manager,236000,USD,236000,US,0,US,L
2021e,SE,FT,Product Designer,138000,USD,138000,US,100,CA,L
2021e,SE,FT,UX Designer,11200,CAD,8960,CA,100,CA,M
2021e,EN,FT,Frontend Software Development Engineer,2000000,INR,27177,IN,100,IN,L
2020,EX,FT,Director of Product Design,95000,EUR,113785,BE,50,BE,M
2020,SE,FT,Sales Operations Manager,90000,EUR,107796,NL,50,NL,S
2021e,SE,FT,Staff Site Reliability Engineer,95000,GBP,131692,GB,100,GB,L
2020,MI,FT,Product Designer,42000,GBP,58221,GB,100,GB,S
2021e,MI,FT,Software Development Engineer,1000000,INR,13588,IN,50,IN,M
2021e,SE,FT,Go Software Developer,60000,EUR,71864,IN,100,CH,S
2020,SE,FT,Backend Software Engineer,76000,EUR,91028,DE,100,DE,L
2021e,SE,FT,Brand Designer,120000,USD,120000,US,100,US,M
2020,EX,FT,Product Manager,102000,USD,102000,BG,100,IE,S
2021e,MI,CT,Full Stack Software Engineer,107250,USD,107250,BA,100,US,S
2021e,SE,FT,HR Manager,102000,USD,102000,US,50,US,L
2021e,EN,FT,HR Business Partner,448800,SEK,48784,SE,50,SE,L
2021e,SE,CT,Frontend Software Development Engineer,85000,EUR,101807,UA,100,AT,L
2020,EN,FT,Hardware Support Engineer,70000,USD,70000,CA,100,US,M
2021e,MI,FT,Full Stack Software Engineer,70000,USD,70000,IN,100,US,S
2021e,SE,FT,Software Development Manager,180000,CAD,144005,CA,100,CA,L
2020,EN,FT,Frontend Developer,85000,CAD,68002,CA,100,CA,L
2021e,MI,FT,Project Manager,82000,USD,82000,US,100,US,L
2020,MI,FT,Software Engineer,300000,USD,300000,TH,100,US,S
2021e,SE,FT,Technical Product Manager,170000,CAD,136005,CA,100,US,L
2020,SE,FT,Software Engineering Manager,240000,USD,240000,US,100,US,L
2020,EN,FT,Technical Project Manager,60000,USD,60000,US,100,US,L
2021e,MI,FT,Customer Marketing Manager,95000,USD,95000,US,100,US,M
2021e,SE,FT,Principal Engineer,200000,USD,200000,US,50,US,M
2020,MI,FT,Recruiting Coordinator,54500,USD,54500,US,0,US,L
2021e,SE,FT,Full Stack Software Engineer,150000,USD,150000,US,100,US,S
2020,SE,FT,Software Engineer,300000,USD,300000,US,0,US,L
2020,SE,CT,Lead Data Engineer,550000,USD,550000,MA,100,US,S
2021e,MI,FT,Recruiting Manager,52000,USD,52000,US,100,US,L
2021e,MI,FT,Product Designer,55000,GBP,76242,NG,100,DE,S
2020,SE,FT,Product Designer,173000,USD,173000,US,100,US,L
2020,EN,PT,Full Stack Developer,10000,USD,10000,US,100,US,S
2021e,SE,FT,Software Engineer,70000,GBP,97036,GB,100,GB,S
2021e,EN,FT,Software Engineer in Test,120000,USD,120000,US,50,US,L
2020,MI,FT,Site Reliability Engineer,72000,USD,72000,EC,100,US,M
2021e,SE,FT,Staff Product Designer,135000,USD,135000,US,100,US,S
2021e,EN,FT,Frontend Developer,34000,GBP,47131,GB,100,GB,S
2021e,MI,FT,Full Stack Software Engineer,75000,GBP,103967,GB,100,GB,L
2020,SE,FT,Product Manager,175000,USD,175000,US,100,US,M
2020,EN,FT,UX Designer,4000,USD,4000,PH,50,PH,M
2021e,SE,FT,Lead UX Designer,540000,PHP,10885,PH,50,PH,M
2021e,EN,PT,Technical Product Manager,180000,PHP,3628,PH,100,PH,S
2020,MI,FT,Product Designer,113250,USD,113250,GB,100,US,M
2020,SE,FT,Product Manager,153000,USD,153000,CA,100,US,M
2020,SE,FT,Product Manager,173200,USD,173200,US,100,US,M
2020,MI,FT,Product Manager,153000,USD,153000,ES,100,US,M
2020,MI,FT,Product Manager,156100,USD,156100,US,100,US,M
2020,SE,FT,Product Manager,169800,USD,169800,CA,100,US,M
2020,EX,FT,Director of Product Design,231700,USD,231700,US,100,US,M
2021e,MI,FT,Full Stack Software Engineer,12152,USD,12152,LK,0,LK,M
2020,SE,FT,Growth Marketing Manager,126000,USD,126000,US,100,US,M
2021e,SE,FT,Frontend Engineer,110000,USD,110000,CH,100,CH,S
2021e,MI,FT,Business Intelligence Engineer,45000,GBP,62380,GB,50,GB,M
2020,MI,FT,Customer Service Representative,73500,USD,73500,BN,100,US,M
2020,EN,FT,Customer Service Representative,54700,USD,54700,GH,100,US,M
2020,MI,FT,Customer Support Specialist,70600,USD,70600,AU,100,US,M
2020,SE,FT,Customer Support Specialist,83000,USD,83000,US,100,US,M
2020,SE,FT,Customer Success Manager,105100,USD,105100,US,100,US,M
2020,SE,FT,Customer Support Specialist,96200,USD,96200,GB,100,US,M
2020,SE,FT,Marketing Designer,130500,USD,130500,PL,100,US,M
2020,SE,FT,Partner Development Manager,136820,USD,136820,NL,100,US,M
2020,SE,FT,Engineering Manager,152300,USD,152300,NG,100,US,M
2020,SE,FT,Software Engineer,121000,USD,121000,IN,100,US,M
2020,MI,FT,Software Engineer,108500,USD,108500,IE,100,US,M
2020,SE,FT,Engineering Manager,172600,USD,172600,CH,100,US,M
2020,SE,FT,Software Engineer,152380,USD,152380,GB,100,US,M
2020,SE,FT,Software Engineer,121000,USD,121000,US,100,US,M
2020,SE,FT,Software Engineer,136800,USD,136800,NL,100,US,M
2020,SE,FT,Software Engineer,136800,USD,136800,PT,100,US,M
2020,SE,FT,Software Engineer,152300,USD,152300,FR,100,US,M
2020,SE,FT,Engineering Manager,161700,USD,161700,DE,100,US,M
2020,SE,FT,Software Engineer,145200,USD,145200,ES,100,US,M
2020,SE,FT,iOS Engineer,136800,USD,136800,US,100,US,M
2020,SE,FT,Android Developer,152300,USD,152300,GB,100,US,M
2020,SE,FT,Engineering Manager,155400,USD,155400,HR,100,US,M
2020,SE,FT,Software Engineer,136800,USD,136800,CA,100,US,M
2020,SE,FT,Software Engineer,155000,USD,155000,US,100,US,M
2020,MI,FT,Software Engineer,152380,USD,152380,TW,100,US,M
2020,SE,FT,Engineering Manager,173100,USD,173100,GB,100,US,M
2020,SE,FT,Software Engineer,152300,USD,152300,FR,100,US,M
2020,SE,FT,iOS Engineer,176150,USD,176150,US,100,US,M
2020,MI,FT,Software Engineer,128400,USD,128400,US,100,US,M
2020,EX,FT,Business Operations Manager,162500,USD,162500,US,100,US,M
2020,MI,FT,Executive Assistant,99200,USD,99200,US,100,US,M
2020,EN,FT,Business Analyst,7200,EUR,8623,RU,100,RU,S
